# Blender 5.2.2 LTS
# www.blender.org
mtllib bodyV2.mtl
o Cube.007
v 0.424730 0.281963 -0.116963
v 0.424700 0.278722 -0.125347
v 0.424847 0.320644 -0.131914
v 0.424817 0.317403 -0.140298
v -0.192422 0.284332 -0.115655
v -0.192452 0.281092 -0.124039
v -0.192305 0.323014 -0.130606
v -0.192335 0.319773 -0.138990
vn 1.0000 -0.0038 -0.0021
vn 0.0028 0.9327 -0.3605
vn -1.0000 0.0038 0.0021
vn -0.0028 -0.9327 0.3605
vn 0.0034 0.3605 0.9328
vn -0.0034 -0.3605 -0.9328
vt 0.375000 0.000000
vt 0.625000 0.000000
vt 0.625000 0.250000
vt 0.375000 0.250000
vt 0.625000 0.500000
vt 0.375000 0.500000
vt 0.625000 0.750000
vt 0.375000 0.750000
vt 0.625000 1.000000
vt 0.375000 1.000000
vt 0.125000 0.500000
vt 0.125000 0.750000
vt 0.875000 0.500000
vt 0.875000 0.750000
s 0
f 1/1/1 2/2/1 4/3/1 3/4/1
f 3/4/2 4/3/2 8/5/2 7/6/2
f 7/6/3 8/5/3 6/7/3 5/8/3
f 5/8/4 6/7/4 2/9/4 1/10/4
f 3/11/5 7/6/5 5/8/5 1/12/5
f 8/5/6 4/13/6 2/14/6 6/7/6
o Cube.008
v 0.424797 0.308492 -0.114763
v 0.424725 0.312288 -0.135971
v 0.424824 0.317822 -0.113093
v 0.424751 0.321618 -0.134302
v -0.192356 0.309838 -0.112415
v -0.192429 0.313634 -0.133623
v -0.192329 0.319168 -0.110745
v -0.192402 0.322964 -0.131953
vn 1.0000 -0.0022 -0.0038
vn 0.0028 0.9844 0.1761
vn -1.0000 0.0022 0.0038
vn -0.0028 -0.9844 -0.1761
vn 0.0034 -0.1762 0.9844
vn -0.0034 0.1762 -0.9844
vt 0.375000 0.000000
vt 0.625000 0.000000
vt 0.625000 0.250000
vt 0.375000 0.250000
vt 0.625000 0.500000
vt 0.375000 0.500000
vt 0.625000 0.750000
vt 0.375000 0.750000
vt 0.625000 1.000000
vt 0.375000 1.000000
vt 0.125000 0.500000
vt 0.125000 0.750000
vt 0.875000 0.500000
vt 0.875000 0.750000
s 0
f 9/15/7 10/16/7 12/17/7 11/18/7
f 11/18/8 12/17/8 16/19/8 15/20/8
f 15/20/9 16/19/9 14/21/9 13/22/9
f 13/22/10 14/21/10 10/23/10 9/24/10
f 11/25/11 15/20/11 13/22/11 9/26/11
f 16/19/12 12/27/12 10/28/12 14/21/12
o Cube.009
v 0.818572 0.306445 -0.114344
v 0.818500 0.310241 -0.135552
v 0.818599 0.315775 -0.112674
v 0.818526 0.319571 -0.133882
v 0.421730 0.307311 -0.112834
v 0.421657 0.311106 -0.134042
v 0.421756 0.316641 -0.111164
v 0.421684 0.320436 -0.132372
vn 1.0000 -0.0022 -0.0038
vn 0.0028 0.9844 0.1761
vn -1.0000 0.0022 0.0038
vn -0.0028 -0.9844 -0.1761
vn 0.0034 -0.1762 0.9844
vn -0.0034 0.1762 -0.9844
vt 0.375000 0.000000
vt 0.625000 0.000000
vt 0.625000 0.250000
vt 0.375000 0.250000
vt 0.625000 0.500000
vt 0.375000 0.500000
vt 0.625000 0.750000
vt 0.375000 0.750000
vt 0.625000 1.000000
vt 0.375000 1.000000
vt 0.125000 0.500000
vt 0.125000 0.750000
vt 0.875000 0.500000
vt 0.875000 0.750000
s 0
f 17/29/13 18/30/13 20/31/13 19/32/13
f 19/32/14 20/31/14 24/33/14 23/34/14
f 23/34/15 24/33/15 22/35/15 21/36/15
f 21/36/16 22/35/16 18/37/16 17/38/16
f 19/39/17 23/34/17 21/36/17 17/40/17
f 24/33/18 20/41/18 18/42/18 22/35/18
o Cube.010
v 0.818505 0.280099 -0.116729
v 0.818475 0.276858 -0.125114
v 0.818622 0.318780 -0.131680
v 0.818592 0.315539 -0.140064
v 0.421664 0.281622 -0.115888
v 0.421634 0.278382 -0.124273
v 0.421781 0.320304 -0.130839
v 0.421751 0.317063 -0.139223
vn 1.0000 -0.0038 -0.0021
vn 0.0028 0.9327 -0.3605
vn -1.0000 0.0038 0.0021
vn -0.0028 -0.9327 0.3605
vn 0.0034 0.3605 0.9328
vn -0.0034 -0.3605 -0.9328
vt 0.375000 0.000000
vt 0.625000 0.000000
vt 0.625000 0.250000
vt 0.375000 0.250000
vt 0.625000 0.500000
vt 0.375000 0.500000
vt 0.625000 0.750000
vt 0.375000 0.750000
vt 0.625000 1.000000
vt 0.375000 1.000000
vt 0.125000 0.500000
vt 0.125000 0.750000
vt 0.875000 0.500000
vt 0.875000 0.750000
s 0
f 25/43/19 26/44/19 28/45/19 27/46/19
f 27/46/20 28/45/20 32/47/20 31/48/20
f 31/48/21 32/47/21 30/49/21 29/50/21
f 29/50/22 30/49/22 26/51/22 25/52/22
f 27/53/23 31/48/23 29/50/23 25/54/23
f 32/47/24 28/55/24 26/56/24 30/49/24
o Cube.011
v 0.818505 0.242578 -0.118874
v 0.818475 0.242511 -0.127863
v 0.818622 0.284046 -0.119183
v 0.818592 0.283979 -0.128172
v 0.421664 0.243706 -0.117549
v 0.421634 0.243639 -0.126537
v 0.421781 0.285174 -0.117858
v 0.421751 0.285107 -0.126846
vn 1.0000 -0.0028 -0.0033
vn 0.0028 1.0000 -0.0075
vn -1.0000 0.0028 0.0033
vn -0.0028 -1.0000 0.0075
vn 0.0034 0.0074 1.0000
vn -0.0034 -0.0074 -1.0000
vt 0.375000 0.000000
vt 0.625000 0.000000
vt 0.625000 0.250000
vt 0.375000 0.250000
vt 0.625000 0.500000
vt 0.375000 0.500000
vt 0.625000 0.750000
vt 0.375000 0.750000
vt 0.625000 1.000000
vt 0.375000 1.000000
vt 0.125000 0.500000
vt 0.125000 0.750000
vt 0.875000 0.500000
vt 0.875000 0.750000
s 0
f 33/57/25 34/58/25 36/59/25 35/60/25
f 35/60/26 36/59/26 40/61/26 39/62/26
f 39/62/27 40/61/27 38/63/27 37/64/27
f 37/64/28 38/63/28 34/65/28 33/66/28
f 35/67/29 39/62/29 37/64/29 33/68/29
f 40/61/30 36/69/30 34/70/30 38/63/30
o Cube.012
v 0.818505 0.202129 -0.118874
v 0.818475 0.202062 -0.127863
v 0.818622 0.243598 -0.119183
v 0.818592 0.243531 -0.128172
v 0.421664 0.203257 -0.117549
v 0.421634 0.203190 -0.126537
v 0.421781 0.244726 -0.117858
v 0.421751 0.244659 -0.126846
vn 1.0000 -0.0028 -0.0033
vn 0.0028 1.0000 -0.0075
vn -1.0000 0.0028 0.0033
vn -0.0028 -1.0000 0.0075
vn 0.0034 0.0074 1.0000
vn -0.0034 -0.0074 -1.0000
vt 0.375000 0.000000
vt 0.625000 0.000000
vt 0.625000 0.250000
vt 0.375000 0.250000
vt 0.625000 0.500000
vt 0.375000 0.500000
vt 0.625000 0.750000
vt 0.375000 0.750000
vt 0.625000 1.000000
vt 0.375000 1.000000
vt 0.125000 0.500000
vt 0.125000 0.750000
vt 0.875000 0.500000
vt 0.875000 0.750000
s 0
f 41/71/31 42/72/31 44/73/31 43/74/31
f 43/74/32 44/73/32 48/75/32 47/76/32
f 47/76/33 48/75/33 46/77/33 45/78/33
f 45/78/34 46/77/34 42/79/34 41/80/34
f 43/81/35 47/76/35 45/78/35 41/82/35
f 48/75/36 44/83/36 42/84/36 46/77/36
o Cube.013
v 0.818548 0.161624 -0.118366
v 0.818548 0.161624 -0.127355
v 0.818548 0.203094 -0.118366
v 0.818548 0.203094 -0.127355
v 0.421708 0.161624 -0.118366
v 0.421708 0.161624 -0.127355
v 0.421708 0.203094 -0.118366
v 0.421708 0.203094 -0.127355
vn 1.0000 -0.0000 -0.0000
vn -0.0000 1.0000 -0.0000
vn -1.0000 -0.0000 -0.0000
vn -0.0000 -1.0000 -0.0000
vn -0.0000 -0.0000 1.0000
vn -0.0000 -0.0000 -1.0000
vt 0.375000 0.000000
vt 0.625000 0.000000
vt 0.625000 0.250000
vt 0.375000 0.250000
vt 0.625000 0.500000
vt 0.375000 0.500000
vt 0.625000 0.750000
vt 0.375000 0.750000
vt 0.625000 1.000000
vt 0.375000 1.000000
vt 0.125000 0.500000
vt 0.125000 0.750000
vt 0.875000 0.500000
vt 0.875000 0.750000
s 0
f 49/85/37 50/86/37 52/87/37 51/88/37
f 51/88/38 52/87/38 56/89/38 55/90/38
f 55/90/39 56/89/39 54/91/39 53/92/39
f 53/92/40 54/91/40 50/93/40 49/94/40
f 51/95/41 55/90/41 53/92/41 49/96/41
f 56/89/42 52/97/42 50/98/42 54/91/42
o Cube.014
v 0.818548 0.122131 -0.118366
v 0.818548 0.122131 -0.127355
v 0.818548 0.163601 -0.118366
v 0.818548 0.163601 -0.127355
v 0.421708 0.122131 -0.118366
v 0.421708 0.122131 -0.127355
v 0.421708 0.163601 -0.118366
v 0.421708 0.163601 -0.127355
vn 1.0000 -0.0000 -0.0000
vn -0.0000 1.0000 -0.0000
vn -1.0000 -0.0000 -0.0000
vn -0.0000 -1.0000 -0.0000
vn -0.0000 -0.0000 1.0000
vn -0.0000 -0.0000 -1.0000
vt 0.375000 0.000000
vt 0.625000 0.000000
vt 0.625000 0.250000
vt 0.375000 0.250000
vt 0.625000 0.500000
vt 0.375000 0.500000
vt 0.625000 0.750000
vt 0.375000 0.750000
vt 0.625000 1.000000
vt 0.375000 1.000000
vt 0.125000 0.500000
vt 0.125000 0.750000
vt 0.875000 0.500000
vt 0.875000 0.750000
s 0
f 57/99/43 58/100/43 60/101/43 59/102/43
f 59/102/44 60/101/44 64/103/44 63/104/44
f 63/104/45 64/103/45 62/105/45 61/106/45
f 61/106/46 62/105/46 58/107/46 57/108/46
f 59/109/47 63/104/47 61/106/47 57/110/47
f 64/103/48 60/111/48 58/112/48 62/105/48
o Cone.011
v 0.567459 0.186333 -0.126586
v 0.483169 0.181197 -0.091574
v 0.651748 0.181197 -0.091574
v 0.567459 -0.211265 -0.161069
vn -0.3865 0.0797 -0.9188
vn -0.0000 0.9894 0.1451
vn -0.0000 -0.1744 0.9847
vn 0.3865 0.0797 -0.9188
vt 0.250000 0.490000
vt 0.250000 0.250000
vt 0.457846 0.130000
vt 0.750000 0.490000
vt 0.957846 0.130000
vt 0.542154 0.130000
vt 0.042154 0.130000
s 0
f 65/113/49 68/114/49 66/115/49
f 65/116/50 66/117/50 67/118/50
f 66/115/51 68/114/51 67/119/51
f 67/119/52 68/114/52 65/113/52
o Cone.012
v 0.611897 0.223446 -0.123271
v 0.536039 0.218684 -0.090807
v 0.687754 0.218684 -0.090807
v 0.611897 -0.170991 -0.159025
vn -0.3965 0.0829 -0.9143
vn -0.0000 0.9894 0.1451
vn -0.0000 -0.1724 0.9850
vn 0.3965 0.0829 -0.9143
vt 0.250000 0.490000
vt 0.250000 0.250000
vt 0.457846 0.130000
vt 0.750000 0.490000
vt 0.957846 0.130000
vt 0.542154 0.130000
vt 0.042154 0.130000
s 0
f 69/120/53 72/121/53 70/122/53
f 69/123/54 70/124/54 71/125/54
f 70/122/55 72/121/55 71/126/55
f 71/126/56 72/121/56 69/120/56
o Cone.013
v 0.654078 0.245483 -0.121317
v 0.578220 0.241163 -0.091866
v 0.729936 0.241162 -0.091866
v 0.654078 -0.147913 -0.158970
vn -0.3649 0.0887 -0.9268
vn -0.0000 0.9894 0.1451
vn -0.0000 -0.1700 0.9855
vn 0.3649 0.0887 -0.9268
vt 0.250000 0.490000
vt 0.250000 0.250000
vt 0.457846 0.130000
vt 0.750000 0.490000
vt 0.957846 0.130000
vt 0.542154 0.130000
vt 0.042154 0.130000
s 0
f 73/127/57 76/128/57 74/129/57
f 73/130/58 74/131/58 75/132/58
f 74/129/59 76/128/59 75/133/59
f 75/133/60 76/128/60 73/127/60
o Cone.014
v 0.699893 0.292057 -0.114801
v 0.624035 0.286951 -0.079995
v 0.775751 0.286951 -0.079995
v 0.699893 -0.239372 -0.169057
vn -0.4204 0.0922 -0.9027
vn -0.0000 0.9894 0.1451
vn -0.0000 -0.1668 0.9860
vn 0.4204 0.0922 -0.9027
vt 0.250000 0.490000
vt 0.250000 0.250000
vt 0.457846 0.130000
vt 0.750000 0.490000
vt 0.957846 0.130000
vt 0.542154 0.130000
vt 0.042154 0.130000
s 0
f 77/134/61 80/135/61 78/136/61
f 77/137/62 78/138/62 79/139/62
f 78/136/63 80/135/63 79/140/63
f 79/140/64 80/135/64 77/134/64
o Cone.018
v 0.360105 0.140871 -0.123271
v 0.284247 0.136109 -0.090807
v 0.435963 0.136109 -0.090807
v 0.360105 -0.253566 -0.159025
v 0.209076 0.140871 -0.123271
v 0.133219 0.136109 -0.090807
v 0.284934 0.136109 -0.090807
v 0.209076 -0.253566 -0.159025
v 0.164511 0.109371 -0.123271
v 0.088653 0.104608 -0.090807
v 0.240369 0.104608 -0.090807
v 0.164511 -0.285066 -0.159025
v 0.120384 0.140871 -0.123271
v 0.044526 0.136109 -0.090807
v 0.196241 0.136109 -0.090807
v 0.120384 -0.253566 -0.159025
v 0.082224 0.209482 -0.114801
v 0.006366 0.204376 -0.079995
v 0.158082 0.204376 -0.079995
v 0.082224 -0.321947 -0.169057
v 0.036409 0.162908 -0.121317
v -0.039449 0.158588 -0.091866
v 0.112267 0.158588 -0.091866
v 0.036409 -0.230488 -0.158970
v -0.005773 0.140871 -0.123271
v -0.081630 0.136109 -0.090807
v 0.070085 0.136109 -0.090807
v -0.005773 -0.253566 -0.159025
v -0.050210 0.103758 -0.126586
v -0.134500 0.098622 -0.091574
v 0.034079 0.098622 -0.091574
v -0.050210 -0.293839 -0.161069
v 0.259910 0.163767 -0.121607
v 0.184052 0.159381 -0.091709
v 0.335768 0.159381 -0.091709
v 0.259910 -0.229779 -0.158978
v 0.296110 0.140871 -0.123271
v 0.220252 0.136109 -0.090807
v 0.371968 0.136109 -0.090807
v 0.296110 -0.253566 -0.159025
v 0.424776 0.049256 -0.118366
v 0.424776 0.049256 -0.127355
v 0.424776 0.090726 -0.118366
v 0.424776 0.090726 -0.127355
v -0.192381 0.049256 -0.118366
v -0.192381 0.049256 -0.127355
v -0.192381 0.090726 -0.118366
v -0.192381 0.090726 -0.127355
v 0.424776 0.087838 -0.118366
v 0.424776 0.087838 -0.127355
v 0.424776 0.129309 -0.118366
v 0.424776 0.129309 -0.127355
v -0.192381 0.087838 -0.118366
v -0.192381 0.087838 -0.127355
v -0.192381 0.129309 -0.118366
v -0.192381 0.129309 -0.127355
v 0.424776 0.124418 -0.118366
v 0.424776 0.124418 -0.127355
v 0.424776 0.165888 -0.118366
v 0.424776 0.165888 -0.127355
v -0.192381 0.124418 -0.118366
v -0.192381 0.124418 -0.127355
v -0.192381 0.165888 -0.118366
v -0.192381 0.165888 -0.127355
v 0.424776 0.163911 -0.118366
v 0.424776 0.163911 -0.127355
v 0.424776 0.205381 -0.118366
v 0.424776 0.205381 -0.127355
v -0.192381 0.163911 -0.118366
v -0.192381 0.163911 -0.127355
v -0.192381 0.205381 -0.118366
v -0.192381 0.205381 -0.127355
v 0.424730 0.204103 -0.119242
v 0.424700 0.204036 -0.128231
v 0.424847 0.245572 -0.119551
v 0.424817 0.245505 -0.128540
v -0.192421 0.205857 -0.117181
v -0.192452 0.205790 -0.126169
v -0.192305 0.247326 -0.117490
v -0.192335 0.247259 -0.126478
v 0.424730 0.244552 -0.119242
v 0.424700 0.244485 -0.128231
v 0.424847 0.286020 -0.119551
v 0.424817 0.285954 -0.128540
v -0.192421 0.246306 -0.117181
v -0.192452 0.246239 -0.126169
v -0.192305 0.287775 -0.117490
v -0.192335 0.287708 -0.126478
vn -0.3965 0.0829 -0.9143
vn -0.0000 0.9894 0.1451
vn -0.0000 -0.1724 0.9850
vn 0.3965 0.0829 -0.9143
vn -0.4204 0.0922 -0.9027
vn -0.0000 -0.1668 0.9860
vn 0.4204 0.0922 -0.9027
vn -0.3649 0.0887 -0.9268
vn -0.0000 -0.1700 0.9855
vn 0.3649 0.0887 -0.9268
vn -0.3865 0.0797 -0.9188
vn -0.0000 -0.1744 0.9847
vn 0.3865 0.0797 -0.9188
vn -0.3697 0.0878 -0.9250
vn -0.0000 -0.1703 0.9854
vn 0.3696 0.0878 -0.9250
vn 1.0000 -0.0000 -0.0000
vn -0.0000 1.0000 -0.0000
vn -1.0000 -0.0000 -0.0000
vn -0.0000 -1.0000 -0.0000
vn -0.0000 -0.0000 1.0000
vn -0.0000 -0.0000 -1.0000
vn 1.0000 -0.0028 -0.0033
vn 0.0028 1.0000 -0.0075
vn -1.0000 0.0028 0.0033
vn -0.0028 -1.0000 0.0075
vn 0.0034 0.0074 1.0000
vn -0.0034 -0.0074 -1.0000
vt 0.250000 0.490000
vt 0.250000 0.250000
vt 0.457846 0.130000
vt 0.750000 0.490000
vt 0.957846 0.130000
vt 0.542154 0.130000
vt 0.042154 0.130000
vt 0.375000 0.000000
vt 0.625000 0.000000
vt 0.625000 0.250000
vt 0.375000 0.250000
vt 0.625000 0.500000
vt 0.375000 0.500000
vt 0.625000 0.750000
vt 0.375000 0.750000
vt 0.625000 1.000000
vt 0.375000 1.000000
vt 0.125000 0.500000
vt 0.125000 0.750000
vt 0.875000 0.500000
vt 0.875000 0.750000
s 0
f 81/141/65 84/142/65 82/143/65
f 81/144/66 82/145/66 83/146/66
f 82/143/67 84/142/67 83/147/67
f 83/147/68 84/142/68 81/141/68
f 85/141/65 88/142/65 86/143/65
f 85/144/66 86/145/66 87/146/66
f 86/143/67 88/142/67 87/147/67
f 87/147/68 88/142/68 85/141/68
f 89/141/65 92/142/65 90/143/65
f 89/144/66 90/145/66 91/146/66
f 90/143/67 92/142/67 91/147/67
f 91/147/68 92/142/68 89/141/68
f 93/141/65 96/142/65 94/143/65
f 93/144/66 94/145/66 95/146/66
f 94/143/67 96/142/67 95/147/67
f 95/147/68 96/142/68 93/141/68
f 97/141/69 100/142/69 98/143/69
f 97/144/66 98/145/66 99/146/66
f 98/143/70 100/142/70 99/147/70
f 99/147/71 100/142/71 97/141/71
f 101/141/72 104/142/72 102/143/72
f 101/144/66 102/145/66 103/146/66
f 102/143/73 104/142/73 103/147/73
f 103/147/74 104/142/74 101/141/74
f 105/141/65 108/142/65 106/143/65
f 105/144/66 106/145/66 107/146/66
f 106/143/67 108/142/67 107/147/67
f 107/147/68 108/142/68 105/141/68
f 109/141/75 112/142/75 110/143/75
f 109/144/66 110/145/66 111/146/66
f 110/143/76 112/142/76 111/147/76
f 111/147/77 112/142/77 109/141/77
f 113/141/78 116/142/78 114/143/78
f 113/144/66 114/145/66 115/146/66
f 114/143/79 116/142/79 115/147/79
f 115/147/80 116/142/80 113/141/80
f 117/141/65 120/142/65 118/143/65
f 117/144/66 118/145/66 119/146/66
f 118/143/67 120/142/67 119/147/67
f 119/147/68 120/142/68 117/141/68
f 121/148/81 122/149/81 124/150/81 123/151/81
f 123/151/82 124/150/82 128/152/82 127/153/82
f 127/153/83 128/152/83 126/154/83 125/155/83
f 125/155/84 126/154/84 122/156/84 121/157/84
f 123/158/85 127/153/85 125/155/85 121/159/85
f 128/152/86 124/160/86 122/161/86 126/154/86
f 129/148/81 130/149/81 132/150/81 131/151/81
f 131/151/82 132/150/82 136/152/82 135/153/82
f 135/153/83 136/152/83 134/154/83 133/155/83
f 133/155/84 134/154/84 130/156/84 129/157/84
f 131/158/85 135/153/85 133/155/85 129/159/85
f 136/152/86 132/160/86 130/161/86 134/154/86
f 137/148/81 138/149/81 140/150/81 139/151/81
f 139/151/82 140/150/82 144/152/82 143/153/82
f 143/153/83 144/152/83 142/154/83 141/155/83
f 141/155/84 142/154/84 138/156/84 137/157/84
f 139/158/85 143/153/85 141/155/85 137/159/85
f 144/152/86 140/160/86 138/161/86 142/154/86
f 145/148/81 146/149/81 148/150/81 147/151/81
f 147/151/82 148/150/82 152/152/82 151/153/82
f 151/153/83 152/152/83 150/154/83 149/155/83
f 149/155/84 150/154/84 146/156/84 145/157/84
f 147/158/85 151/153/85 149/155/85 145/159/85
f 152/152/86 148/160/86 146/161/86 150/154/86
f 153/148/87 154/149/87 156/150/87 155/151/87
f 155/151/88 156/150/88 160/152/88 159/153/88
f 159/153/89 160/152/89 158/154/89 157/155/89
f 157/155/90 158/154/90 154/156/90 153/157/90
f 155/158/91 159/153/91 157/155/91 153/159/91
f 160/152/92 156/160/92 154/161/92 158/154/92
f 161/148/87 162/149/87 164/150/87 163/151/87
f 163/151/88 164/150/88 168/152/88 167/153/88
f 167/153/89 168/152/89 166/154/89 165/155/89
f 165/155/90 166/154/90 162/156/90 161/157/90
f 163/158/91 167/153/91 165/155/91 161/159/91
f 168/152/92 164/160/92 162/161/92 166/154/92
o Cone.019
v 0.436400 0.192483 -0.123271
v 0.360542 0.187721 -0.090807
v 0.512257 0.187721 -0.090807
v 0.436400 -0.201954 -0.159025
vn -0.3965 0.0829 -0.9143
vn -0.0000 0.9894 0.1451
vn -0.0000 -0.1724 0.9850
vn 0.3965 0.0829 -0.9143
vt 0.250000 0.490000
vt 0.250000 0.250000
vt 0.457846 0.130000
vt 0.750000 0.490000
vt 0.957846 0.130000
vt 0.542154 0.130000
vt 0.042154 0.130000
s 0
f 169/162/93 172/163/93 170/164/93
f 169/165/94 170/166/94 171/167/94
f 170/164/95 172/163/95 171/168/95
f 171/168/96 172/163/96 169/162/96
o Cone.020
v 0.497305 0.264720 -0.123271
v 0.421447 0.259958 -0.090807
v 0.573162 0.259958 -0.090807
v 0.497304 -0.129717 -0.159025
vn -0.3965 0.0829 -0.9143
vn -0.0000 0.9894 0.1451
vn -0.0000 -0.1724 0.9850
vn 0.3965 0.0829 -0.9143
vt 0.250000 0.490000
vt 0.250000 0.250000
vt 0.457846 0.130000
vt 0.750000 0.490000
vt 0.957846 0.130000
vt 0.542154 0.130000
vt 0.042154 0.130000
s 0
f 173/169/97 176/170/97 174/171/97
f 173/172/98 174/173/98 175/174/98
f 174/171/99 176/170/99 175/175/99
f 175/175/100 176/170/100 173/169/100
o Cube.015
v 0.681745 0.065765 0.108965
v 0.681537 0.063864 -0.125066
v 0.636701 0.205162 0.107873
v 0.636494 0.203261 -0.126158
v 0.303966 -0.056298 0.110291
v 0.303759 -0.058198 -0.123740
v 0.258922 0.083099 0.109199
v 0.258715 0.081199 -0.124832
vn 0.9516 0.3075 -0.0033
vn -0.3075 0.9515 -0.0075
vn -0.9516 -0.3075 0.0033
vn 0.3075 -0.9515 0.0075
vn 0.0009 0.0081 1.0000
vn -0.0009 -0.0081 -1.0000
vt 0.375000 0.000000
vt 0.625000 0.000000
vt 0.625000 0.250000
vt 0.375000 0.250000
vt 0.625000 0.500000
vt 0.375000 0.500000
vt 0.625000 0.750000
vt 0.375000 0.750000
vt 0.625000 1.000000
vt 0.375000 1.000000
vt 0.125000 0.500000
vt 0.125000 0.750000
vt 0.875000 0.500000
vt 0.875000 0.750000
s 0
f 177/176/101 178/177/101 180/178/101 179/179/101
f 179/179/102 180/178/102 184/180/102 183/181/102
f 183/181/103 184/180/103 182/182/103 181/183/103
f 181/183/104 182/182/104 178/184/104 177/185/104
f 179/186/105 183/181/105 181/183/105 177/187/105
f 184/180/106 180/188/106 178/189/106 182/182/106
o Cube.016
v 0.995750 0.062219 0.108965
v 0.995025 0.060450 -0.125066
v 0.990986 0.208636 0.107873
v 0.990261 0.206867 -0.126158
v 0.598951 0.049318 0.110291
v 0.598226 0.047549 -0.123740
v 0.594186 0.195734 0.109199
v 0.593462 0.193965 -0.124832
vn 0.9995 0.0325 -0.0033
vn -0.0325 0.9994 -0.0075
vn -0.9995 -0.0325 0.0033
vn 0.0325 -0.9994 0.0075
vn 0.0031 0.0076 1.0000
vn -0.0031 -0.0076 -1.0000
vt 0.375000 0.000000
vt 0.625000 0.000000
vt 0.625000 0.250000
vt 0.375000 0.250000
vt 0.625000 0.500000
vt 0.375000 0.500000
vt 0.625000 0.750000
vt 0.375000 0.750000
vt 0.625000 1.000000
vt 0.375000 1.000000
vt 0.125000 0.500000
vt 0.125000 0.750000
vt 0.875000 0.500000
vt 0.875000 0.750000
s 0
f 185/190/107 186/191/107 188/192/107 187/193/107
f 187/193/108 188/192/108 192/194/108 191/195/108
f 191/195/109 192/194/109 190/196/109 189/197/109
f 189/197/110 190/196/110 186/198/110 185/199/110
f 187/200/111 191/195/111 189/197/111 185/201/111
f 192/194/112 188/202/112 186/203/112 190/196/112
o Cube.017
v 1.251527 -0.083175 0.108965
v 1.250067 -0.084409 -0.125066
v 1.314964 0.048871 0.107873
v 1.313504 0.047637 -0.126158
v 0.893677 0.088754 0.110291
v 0.892217 0.087520 -0.123740
v 0.957114 0.220800 0.109199
v 0.955654 0.219566 -0.124832
vn 0.9014 -0.4331 -0.0033
vn 0.4330 0.9014 -0.0075
vn -0.9014 0.4331 0.0033
vn -0.4330 -0.9014 0.0075
vn 0.0062 0.0053 1.0000
vn -0.0062 -0.0053 -1.0000
vt 0.375000 0.000000
vt 0.625000 0.000000
vt 0.625000 0.250000
vt 0.375000 0.250000
vt 0.625000 0.500000
vt 0.375000 0.500000
vt 0.625000 0.750000
vt 0.375000 0.750000
vt 0.625000 1.000000
vt 0.375000 1.000000
vt 0.125000 0.500000
vt 0.125000 0.750000
vt 0.875000 0.500000
vt 0.875000 0.750000
s 0
f 193/204/113 194/205/113 196/206/113 195/207/113
f 195/207/114 196/206/114 200/208/114 199/209/114
f 199/209/115 200/208/115 198/210/115 197/211/115
f 197/211/116 198/210/116 194/212/116 193/213/116
f 195/214/117 199/209/117 197/211/117 193/215/117
f 200/208/118 196/216/118 194/217/118 198/210/118
o Cube.018
v 1.375507 -0.253115 0.108831
v 1.373647 -0.253560 -0.125193
v 1.414226 -0.223307 0.108467
v 1.412367 -0.223752 -0.125558
v 1.218656 -0.049365 0.109690
v 1.216796 -0.049810 -0.124334
v 1.257375 -0.019557 0.109326
v 1.255516 -0.020002 -0.124699
vn 0.6100 -0.7924 -0.0033
vn 0.7924 0.6100 -0.0075
vn -0.6100 0.7924 0.0033
vn -0.7924 -0.6100 0.0075
vn 0.0079 0.0019 1.0000
vn -0.0079 -0.0019 -1.0000
vt 0.375000 0.000000
vt 0.625000 0.000000
vt 0.625000 0.250000
vt 0.375000 0.250000
vt 0.625000 0.500000
vt 0.375000 0.500000
vt 0.625000 0.750000
vt 0.375000 0.750000
vt 0.625000 1.000000
vt 0.375000 1.000000
vt 0.125000 0.500000
vt 0.125000 0.750000
vt 0.875000 0.500000
vt 0.875000 0.750000
s 0
f 201/218/119 202/219/119 204/220/119 203/221/119
f 203/221/120 204/220/120 208/222/120 207/223/120
f 207/223/121 208/222/121 206/224/121 205/225/121
f 205/225/122 206/224/122 202/226/122 201/227/122
f 203/228/123 207/223/123 205/225/123 201/229/123
f 208/222/124 204/230/124 202/231/124 206/224/124
o Cube.019
v 1.500202 -0.270949 0.109043
v 1.499168 -0.272557 -0.124980
v 1.507464 -0.223055 0.108682
v 1.506429 -0.224662 -0.125341
v 1.372990 -0.251659 0.109473
v 1.371956 -0.253267 -0.124550
v 1.380251 -0.203765 0.109112
v 1.379217 -0.205372 -0.124911
vn 0.9887 -0.1499 -0.0033
vn 0.1499 0.9887 -0.0075
vn -0.9887 0.1499 0.0033
vn -0.1499 -0.9887 0.0075
vn 0.0044 0.0069 1.0000
vn -0.0044 -0.0069 -1.0000
vt 0.375000 0.000000
vt 0.625000 0.000000
vt 0.625000 0.250000
vt 0.375000 0.250000
vt 0.625000 0.500000
vt 0.375000 0.500000
vt 0.625000 0.750000
vt 0.375000 0.750000
vt 0.625000 1.000000
vt 0.375000 1.000000
vt 0.125000 0.500000
vt 0.125000 0.750000
vt 0.875000 0.500000
vt 0.875000 0.750000
s 0
f 209/232/125 210/233/125 212/234/125 211/235/125
f 211/235/126 212/234/126 216/236/126 215/237/126
f 215/237/127 216/236/127 214/238/127 213/239/127
f 213/239/128 214/238/128 210/240/128 209/241/128
f 211/242/129 215/237/129 213/239/129 209/243/129
f 216/236/130 212/244/130 210/245/130 214/238/130
o Cube.020
v 1.605255 -0.201304 0.109043
v 1.605536 -0.203195 -0.124980
v 1.579163 -0.160489 0.108682
v 1.579444 -0.162381 -0.125341
v 1.496846 -0.270604 0.109473
v 1.497127 -0.272495 -0.124550
v 1.470755 -0.229790 0.109112
v 1.471035 -0.231681 -0.124911
vn 0.8426 0.5386 -0.0033
vn -0.5386 0.8425 -0.0075
vn -0.8426 -0.5386 0.0033
vn 0.5386 -0.8425 0.0075
vn -0.0012 0.0081 1.0000
vn 0.0012 -0.0081 -1.0000
vt 0.375000 0.000000
vt 0.625000 0.000000
vt 0.625000 0.250000
vt 0.375000 0.250000
vt 0.625000 0.500000
vt 0.375000 0.500000
vt 0.625000 0.750000
vt 0.375000 0.750000
vt 0.625000 1.000000
vt 0.375000 1.000000
vt 0.125000 0.500000
vt 0.125000 0.750000
vt 0.875000 0.500000
vt 0.875000 0.750000
s 0
f 217/246/131 218/247/131 220/248/131 219/249/131
f 219/249/132 220/248/132 224/250/132 223/251/132
f 223/251/133 224/250/133 222/252/133 221/253/133
f 221/253/134 222/252/134 218/254/134 217/255/134
f 219/256/135 223/251/135 221/253/135 217/257/135
f 224/250/136 220/258/136 218/259/136 222/252/136
o Cube.021
v 1.397413 -0.215429 0.108862
v 1.395554 -0.215873 -0.125162
v 1.435649 -0.185993 0.108503
v 1.433789 -0.186437 -0.125522
v 1.252734 -0.027490 0.109655
v 1.250875 -0.027935 -0.124370
v 1.290970 0.001946 0.109295
v 1.289111 0.001501 -0.124730
vn 0.6100 -0.7924 -0.0033
vn 0.7924 0.6100 -0.0075
vn -0.6100 0.7924 0.0033
vn -0.7924 -0.6100 0.0075
vn 0.0079 0.0019 1.0000
vn -0.0079 -0.0019 -1.0000
vt 0.375000 0.000000
vt 0.625000 0.000000
vt 0.625000 0.250000
vt 0.375000 0.250000
vt 0.625000 0.500000
vt 0.375000 0.500000
vt 0.625000 0.750000
vt 0.375000 0.750000
vt 0.625000 1.000000
vt 0.375000 1.000000
vt 0.125000 0.500000
vt 0.125000 0.750000
vt 0.875000 0.500000
vt 0.875000 0.750000
s 0
f 225/260/137 226/261/137 228/262/137 227/263/137
f 227/263/138 228/262/138 232/264/138 231/265/138
f 231/265/139 232/264/139 230/266/139 229/267/139
f 229/267/140 230/266/140 226/268/140 225/269/140
f 227/270/141 231/265/141 229/267/141 225/271/141
f 232/264/142 228/272/142 226/273/142 230/266/142
o Cube.022
v 1.505730 -0.220601 0.109057
v 1.504835 -0.222291 -0.124967
v 1.508391 -0.180401 0.108757
v 1.507496 -0.182090 -0.125267
v 1.403554 -0.213835 0.109400
v 1.402658 -0.215525 -0.124625
v 1.406215 -0.173635 0.109099
v 1.405319 -0.175324 -0.124925
vn 0.9978 -0.0661 -0.0033
vn 0.0660 0.9978 -0.0075
vn -0.9978 0.0661 0.0033
vn -0.0660 -0.9978 0.0075
vn 0.0038 0.0072 1.0000
vn -0.0038 -0.0072 -1.0000
vt 0.375000 0.000000
vt 0.625000 0.000000
vt 0.625000 0.250000
vt 0.375000 0.250000
vt 0.625000 0.500000
vt 0.375000 0.500000
vt 0.625000 0.750000
vt 0.375000 0.750000
vt 0.625000 1.000000
vt 0.375000 1.000000
vt 0.125000 0.500000
vt 0.125000 0.750000
vt 0.875000 0.500000
vt 0.875000 0.750000
s 0
f 233/274/143 234/275/143 236/276/143 235/277/143
f 235/277/144 236/276/144 240/278/144 239/279/144
f 239/279/145 240/278/145 238/280/145 237/281/145
f 237/281/146 238/280/146 234/282/146 233/283/146
f 235/284/147 239/279/147 237/281/147 233/285/147
f 240/278/148 236/286/148 234/287/148 238/280/148
o Cube.023
v 1.591675 -0.208401 0.109043
v 1.591403 -0.210294 -0.124980
v 1.578354 -0.161827 0.108682
v 1.578082 -0.163720 -0.125341
v 1.467968 -0.243779 0.109473
v 1.467696 -0.245672 -0.124550
v 1.454647 -0.197205 0.109112
v 1.454375 -0.199098 -0.124911
vn 0.9615 0.2750 -0.0033
vn -0.2750 0.9614 -0.0075
vn -0.9615 -0.2750 0.0033
vn 0.2750 -0.9614 0.0075
vn 0.0012 0.0081 1.0000
vn -0.0012 -0.0081 -1.0000
vt 0.375000 0.000000
vt 0.625000 0.000000
vt 0.625000 0.250000
vt 0.375000 0.250000
vt 0.625000 0.500000
vt 0.375000 0.500000
vt 0.625000 0.750000
vt 0.375000 0.750000
vt 0.625000 1.000000
vt 0.375000 1.000000
vt 0.125000 0.500000
vt 0.125000 0.750000
vt 0.875000 0.500000
vt 0.875000 0.750000
s 0
f 241/288/149 242/289/149 244/290/149 243/291/149
f 243/291/150 244/290/150 248/292/150 247/293/150
f 247/293/151 248/292/151 246/294/151 245/295/151
f 245/295/152 246/294/152 242/296/152 241/297/152
f 243/298/153 247/293/153 245/295/153 241/299/153
f 248/292/154 244/300/154 242/301/154 246/294/154
o Cube.024
v 1.314732 -0.104170 0.108975
v 1.312853 -0.103818 -0.125050
v 1.352226 -0.095158 0.108687
v 1.350347 -0.094806 -0.125337
v 1.280110 0.039884 0.109470
v 1.278231 0.040236 -0.124555
v 1.317604 0.048896 0.109182
v 1.315725 0.049249 -0.124842
vn 0.2337 -0.9723 -0.0033
vn 0.9723 0.2337 -0.0075
vn -0.2337 0.9723 0.0033
vn -0.9723 -0.2337 0.0075
vn 0.0080 -0.0015 1.0000
vn -0.0080 0.0015 -1.0000
vt 0.375000 0.000000
vt 0.625000 0.000000
vt 0.625000 0.250000
vt 0.375000 0.250000
vt 0.625000 0.500000
vt 0.375000 0.500000
vt 0.625000 0.750000
vt 0.375000 0.750000
vt 0.625000 1.000000
vt 0.375000 1.000000
vt 0.125000 0.500000
vt 0.125000 0.750000
vt 0.875000 0.500000
vt 0.875000 0.750000
s 0
f 249/302/155 250/303/155 252/304/155 251/305/155
f 251/305/156 252/304/156 256/306/156 255/307/156
f 255/307/157 256/306/157 254/308/157 253/309/157
f 253/309/158 254/308/158 250/310/158 249/311/158
f 251/312/159 255/307/159 253/309/159 249/313/159
f 256/306/160 252/314/160 250/315/160 254/308/160
o Cube.025
v 0.993503 0.176267 0.108972
v 0.992721 0.174496 -0.125059
v 0.993500 0.322760 0.107864
v 0.992717 0.320990 -0.126167
v 0.596494 0.176267 0.110299
v 0.595712 0.174496 -0.123732
v 0.596491 0.322760 0.109191
v 0.595708 0.320990 -0.124840
vn 1.0000 -0.0000 -0.0033
vn -0.0000 1.0000 -0.0076
vn -1.0000 -0.0000 0.0033
vn -0.0000 -1.0000 0.0076
vn 0.0033 0.0076 1.0000
vn -0.0033 -0.0076 -1.0000
vt 0.375000 0.000000
vt 0.625000 0.000000
vt 0.625000 0.250000
vt 0.375000 0.250000
vt 0.625000 0.500000
vt 0.375000 0.500000
vt 0.625000 0.750000
vt 0.375000 0.750000
vt 0.625000 1.000000
vt 0.375000 1.000000
vt 0.125000 0.500000
vt 0.125000 0.750000
vt 0.875000 0.500000
vt 0.875000 0.750000
s 0
f 257/316/161 258/317/161 260/318/161 259/319/161
f 259/319/162 260/318/162 264/320/162 263/321/162
f 263/321/163 264/320/163 262/322/163 261/323/163
f 261/323/164 262/322/164 258/324/164 257/325/164
f 259/326/165 263/321/165 261/323/165 257/327/165
f 264/320/166 260/328/166 258/329/166 262/322/166
o Cube.026
v 0.602297 0.176267 0.108972
v 0.601515 0.174496 -0.125059
v 0.602293 0.322760 0.107864
v 0.601511 0.320990 -0.126167
v 0.205288 0.176267 0.110299
v 0.204506 0.174496 -0.123732
v 0.205285 0.322760 0.109191
v 0.204502 0.320990 -0.124840
vn 1.0000 -0.0000 -0.0033
vn -0.0000 1.0000 -0.0076
vn -1.0000 -0.0000 0.0033
vn -0.0000 -1.0000 0.0076
vn 0.0033 0.0076 1.0000
vn -0.0033 -0.0076 -1.0000
vt 0.375000 0.000000
vt 0.625000 0.000000
vt 0.625000 0.250000
vt 0.375000 0.250000
vt 0.625000 0.500000
vt 0.375000 0.500000
vt 0.625000 0.750000
vt 0.375000 0.750000
vt 0.625000 1.000000
vt 0.375000 1.000000
vt 0.125000 0.500000
vt 0.125000 0.750000
vt 0.875000 0.500000
vt 0.875000 0.750000
s 0
f 265/330/167 266/331/167 268/332/167 267/333/167
f 267/333/168 268/332/168 272/334/168 271/335/168
f 271/335/169 272/334/169 270/336/169 269/337/169
f 269/337/170 270/336/170 266/338/170 265/339/170
f 267/340/171 271/335/171 269/337/171 265/341/171
f 272/334/172 268/342/172 266/343/172 270/336/172
o Cube.027
v 0.220068 0.176267 0.108972
v 0.219286 0.174496 -0.125059
v 0.220064 0.322760 0.107864
v 0.219282 0.320990 -0.126167
v -0.176941 0.176267 0.110299
v -0.177723 0.174496 -0.123732
v -0.176945 0.322760 0.109191
v -0.177727 0.320990 -0.124840
vn 1.0000 -0.0000 -0.0033
vn -0.0000 1.0000 -0.0076
vn -1.0000 -0.0000 0.0033
vn -0.0000 -1.0000 0.0076
vn 0.0033 0.0076 1.0000
vn -0.0033 -0.0076 -1.0000
vt 0.375000 0.000000
vt 0.625000 0.000000
vt 0.625000 0.250000
vt 0.375000 0.250000
vt 0.625000 0.500000
vt 0.375000 0.500000
vt 0.625000 0.750000
vt 0.375000 0.750000
vt 0.625000 1.000000
vt 0.375000 1.000000
vt 0.125000 0.500000
vt 0.125000 0.750000
vt 0.875000 0.500000
vt 0.875000 0.750000
s 0
f 273/344/173 274/345/173 276/346/173 275/347/173
f 275/347/174 276/346/174 280/348/174 279/349/174
f 279/349/175 280/348/175 278/350/175 277/351/175
f 277/351/176 278/350/176 274/352/176 273/353/176
f 275/354/177 279/349/177 277/351/177 273/355/177
f 280/348/178 276/356/178 274/357/178 278/350/178
o Cube.028
v 1.581469 0.103836 0.108757
v 1.581314 0.101930 -0.125290
v 1.567660 0.142873 0.108448
v 1.567504 0.140967 -0.125599
v 1.306497 0.006572 0.109731
v 1.306342 0.004666 -0.124315
v 1.292688 0.045609 0.109423
v 1.292532 0.043703 -0.124624
vn 0.9428 0.3335 -0.0033
vn -0.3335 0.9427 -0.0075
vn -0.9428 -0.3335 0.0033
vn 0.3335 -0.9427 0.0075
vn 0.0007 0.0081 1.0000
vn -0.0007 -0.0081 -1.0000
vt 0.375000 0.000000
vt 0.625000 0.000000
vt 0.625000 0.250000
vt 0.375000 0.250000
vt 0.625000 0.500000
vt 0.375000 0.500000
vt 0.625000 0.750000
vt 0.375000 0.750000
vt 0.625000 1.000000
vt 0.375000 1.000000
vt 0.125000 0.500000
vt 0.125000 0.750000
vt 0.875000 0.500000
vt 0.875000 0.750000
s 0
f 281/358/179 282/359/179 284/360/179 283/361/179
f 283/361/180 284/360/180 288/362/180 287/363/180
f 287/363/181 288/362/181 286/364/181 285/365/181
f 285/365/182 286/364/182 282/366/182 281/367/182
f 283/368/183 287/363/183 285/365/183 281/369/183
f 288/362/184 284/370/184 282/371/184 286/364/184
o Cube.029
v 1.856171 0.081491 0.108757
v 1.855278 0.079800 -0.125290
v 1.858845 0.122812 0.108448
v 1.857952 0.121121 -0.125599
v 1.565113 0.100330 0.109731
v 1.564220 0.098639 -0.124315
v 1.567786 0.141651 0.109423
v 1.566893 0.139960 -0.124624
vn 0.9979 -0.0646 -0.0033
vn 0.0646 0.9979 -0.0075
vn -0.9979 0.0646 0.0033
vn -0.0646 -0.9979 0.0075
vn 0.0038 0.0072 1.0000
vn -0.0038 -0.0072 -1.0000
vt 0.375000 0.000000
vt 0.625000 0.000000
vt 0.625000 0.250000
vt 0.375000 0.250000
vt 0.625000 0.500000
vt 0.375000 0.500000
vt 0.625000 0.750000
vt 0.375000 0.750000
vt 0.625000 1.000000
vt 0.375000 1.000000
vt 0.125000 0.500000
vt 0.125000 0.750000
vt 0.875000 0.500000
vt 0.875000 0.750000
s 0
f 289/372/185 290/373/185 292/374/185 291/375/185
f 291/375/186 292/374/186 296/376/186 295/377/186
f 295/377/187 296/376/187 294/378/187 293/379/187
f 293/379/188 294/378/188 290/380/188 289/381/188
f 291/382/189 295/377/189 293/379/189 289/383/189
f 296/376/190 292/384/190 290/385/190 294/378/190
o Cube.030
v 1.859817 -0.135711 0.109211
v 1.857907 -0.135827 -0.124945
v 1.965838 -0.080294 0.108319
v 1.963928 -0.080409 -0.125837
v 1.754753 0.065304 0.109969
v 1.752843 0.065189 -0.124187
v 1.860774 0.120721 0.109077
v 1.858865 0.120606 -0.125079
vn 0.4632 -0.8862 -0.0033
vn 0.8862 0.4632 -0.0075
vn -0.4632 0.8862 0.0033
vn -0.8862 -0.4632 0.0075
vn 0.0082 0.0005 1.0000
vn -0.0082 -0.0005 -1.0000
vt 0.375000 0.000000
vt 0.625000 0.000000
vt 0.625000 0.250000
vt 0.375000 0.250000
vt 0.625000 0.500000
vt 0.375000 0.500000
vt 0.625000 0.750000
vt 0.375000 0.750000
vt 0.625000 1.000000
vt 0.375000 1.000000
vt 0.125000 0.500000
vt 0.125000 0.750000
vt 0.875000 0.500000
vt 0.875000 0.750000
s 0
f 297/386/191 298/387/191 300/388/191 299/389/191
f 299/389/192 300/388/192 304/390/192 303/391/192
f 303/391/193 304/390/193 302/392/193 301/393/193
f 301/393/194 302/392/194 298/394/194 297/395/194
f 299/396/195 303/391/195 301/393/195 297/397/195
f 304/390/196 300/398/196 298/399/196 302/392/196
o Cube.031
v 1.817424 0.045549 0.100486
v 1.793206 0.046465 -0.131324
v 1.829222 0.083740 0.099404
v 1.805005 0.084656 -0.132405
v 1.665565 0.092919 0.116538
v 1.641347 0.093835 -0.115271
v 1.677364 0.131110 0.115456
v 1.653146 0.132026 -0.116353
vn 0.9498 -0.2963 -0.1004
vn 0.2951 0.9551 -0.0271
vn -0.9498 0.2963 0.1004
vn -0.2951 -0.9551 0.0271
vn 0.1039 -0.0039 0.9946
vn -0.1039 0.0039 -0.9946
vt 0.375000 0.000000
vt 0.625000 0.000000
vt 0.625000 0.250000
vt 0.375000 0.250000
vt 0.625000 0.500000
vt 0.375000 0.500000
vt 0.625000 0.750000
vt 0.375000 0.750000
vt 0.625000 1.000000
vt 0.375000 1.000000
vt 0.125000 0.500000
vt 0.125000 0.750000
vt 0.875000 0.500000
vt 0.875000 0.750000
s 0
f 305/400/197 306/401/197 308/402/197 307/403/197
f 307/403/198 308/402/198 312/404/198 311/405/198
f 311/405/199 312/404/199 310/406/199 309/407/199
f 309/407/200 310/406/200 306/408/200 305/409/200
f 307/410/201 311/405/201 309/407/201 305/411/201
f 312/404/202 308/412/202 306/413/202 310/406/202
o Cube.032
v 1.793174 -0.248028 0.109148
v 1.791815 -0.246682 -0.125006
v 1.887540 -0.283504 0.108397
v 1.886181 -0.282157 -0.125758
v 1.871342 -0.040116 0.109891
v 1.869983 -0.038769 -0.124264
v 1.965707 -0.075591 0.109139
v 1.964349 -0.074244 -0.125016
vn -0.3519 -0.9360 -0.0033
vn 0.9360 -0.3519 -0.0075
vn 0.3519 0.9360 0.0033
vn -0.9360 0.3519 0.0075
vn 0.0058 -0.0058 1.0000
vn -0.0058 0.0058 -1.0000
vt 0.375000 0.000000
vt 0.625000 0.000000
vt 0.625000 0.250000
vt 0.375000 0.250000
vt 0.625000 0.500000
vt 0.375000 0.500000
vt 0.625000 0.750000
vt 0.375000 0.750000
vt 0.625000 1.000000
vt 0.375000 1.000000
vt 0.125000 0.500000
vt 0.125000 0.750000
vt 0.875000 0.500000
vt 0.875000 0.750000
s 0
f 313/414/203 314/415/203 316/416/203 315/417/203
f 315/417/204 316/416/204 320/418/204 319/419/204
f 319/419/205 320/418/205 318/420/205 317/421/205
f 317/421/206 318/420/206 314/422/206 313/423/206
f 315/424/207 319/419/207 317/421/207 313/425/207
f 320/418/208 316/426/208 314/427/208 318/420/208
o Cube.033
v 1.375393 0.040595 0.108757
v 1.374570 0.038869 -0.125290
v 1.376376 0.081991 0.108448
v 1.375552 0.080265 -0.125599
v 1.083808 0.047525 0.109731
v 1.082985 0.045799 -0.124315
v 1.084791 0.088920 0.109423
v 1.083967 0.087195 -0.124624
vn 0.9997 -0.0238 -0.0033
vn 0.0237 0.9997 -0.0075
vn -0.9997 0.0238 0.0033
vn -0.0237 -0.9997 0.0075
vn 0.0035 0.0074 1.0000
vn -0.0035 -0.0074 -1.0000
vt 0.375000 0.000000
vt 0.625000 0.000000
vt 0.625000 0.250000
vt 0.375000 0.250000
vt 0.625000 0.500000
vt 0.375000 0.500000
vt 0.625000 0.750000
vt 0.375000 0.750000
vt 0.625000 1.000000
vt 0.375000 1.000000
vt 0.125000 0.500000
vt 0.125000 0.750000
vt 0.875000 0.500000
vt 0.875000 0.750000
s 0
f 321/428/209 322/429/209 324/430/209 323/431/209
f 323/431/210 324/430/210 328/432/210 327/433/210
f 327/433/211 328/432/211 326/434/211 325/435/211
f 325/435/212 326/434/212 322/436/212 321/437/212
f 323/438/213 327/433/213 325/435/213 321/439/213
f 328/432/214 324/440/214 322/441/214 326/434/214
o Cube.034
v 1.375393 0.106045 0.108757
v 1.374570 0.104319 -0.125290
v 1.376376 0.147441 0.108448
v 1.375552 0.145715 -0.125599
v 1.083808 0.112975 0.109731
v 1.082985 0.111249 -0.124315
v 1.084791 0.154371 0.109423
v 1.083967 0.152645 -0.124624
vn 0.9997 -0.0238 -0.0033
vn 0.0237 0.9997 -0.0075
vn -0.9997 0.0238 0.0033
vn -0.0237 -0.9997 0.0075
vn 0.0035 0.0074 1.0000
vn -0.0035 -0.0074 -1.0000
vt 0.375000 0.000000
vt 0.625000 0.000000
vt 0.625000 0.250000
vt 0.375000 0.250000
vt 0.625000 0.500000
vt 0.375000 0.500000
vt 0.625000 0.750000
vt 0.375000 0.750000
vt 0.625000 1.000000
vt 0.375000 1.000000
vt 0.125000 0.500000
vt 0.125000 0.750000
vt 0.875000 0.500000
vt 0.875000 0.750000
s 0
f 329/442/215 330/443/215 332/444/215 331/445/215
f 331/445/216 332/444/216 336/446/216 335/447/216
f 335/447/217 336/446/217 334/448/217 333/449/217
f 333/449/218 334/448/218 330/450/218 329/451/218
f 331/452/219 335/447/219 333/449/219 329/453/219
f 336/446/220 332/454/220 330/455/220 334/448/220
o Cube.035
v 1.659130 0.098216 0.108757
v 1.658306 0.096490 -0.125290
v 1.660112 0.139612 0.108448
v 1.659289 0.137886 -0.125599
v 1.367545 0.105146 0.109731
v 1.366721 0.103420 -0.124315
v 1.368528 0.146542 0.109423
v 1.367704 0.144816 -0.124624
vn 0.9997 -0.0238 -0.0033
vn 0.0237 0.9997 -0.0075
vn -0.9997 0.0238 0.0033
vn -0.0237 -0.9997 0.0075
vn 0.0035 0.0074 1.0000
vn -0.0035 -0.0074 -1.0000
vt 0.375000 0.000000
vt 0.625000 0.000000
vt 0.625000 0.250000
vt 0.375000 0.250000
vt 0.625000 0.500000
vt 0.375000 0.500000
vt 0.625000 0.750000
vt 0.375000 0.750000
vt 0.625000 1.000000
vt 0.375000 1.000000
vt 0.125000 0.500000
vt 0.125000 0.750000
vt 0.875000 0.500000
vt 0.875000 0.750000
s 0
f 337/456/221 338/457/221 340/458/221 339/459/221
f 339/459/222 340/458/222 344/460/222 343/461/222
f 343/461/223 344/460/223 342/462/223 341/463/223
f 341/463/224 342/462/224 338/464/224 337/465/224
f 339/466/225 343/461/225 341/463/225 337/467/225
f 344/460/226 340/468/226 338/469/226 342/462/226
o Cube.036
v 1.252693 0.078283 0.108727
v 1.251102 0.077223 -0.125324
v 1.285803 0.130910 0.108264
v 1.284212 0.129850 -0.125787
v 0.950674 0.268306 0.109920
v 0.949083 0.267245 -0.124131
v 0.983784 0.320933 0.109456
v 0.982193 0.319872 -0.124595
vn 0.8464 -0.5325 -0.0033
vn 0.5325 0.8464 -0.0075
vn -0.8464 0.5325 0.0033
vn -0.5325 -0.8464 0.0075
vn 0.0068 0.0045 1.0000
vn -0.0068 -0.0045 -1.0000
vt 0.375000 0.000000
vt 0.625000 0.000000
vt 0.625000 0.250000
vt 0.375000 0.250000
vt 0.625000 0.500000
vt 0.375000 0.500000
vt 0.625000 0.750000
vt 0.375000 0.750000
vt 0.625000 1.000000
vt 0.375000 1.000000
vt 0.125000 0.500000
vt 0.125000 0.750000
vt 0.875000 0.500000
vt 0.875000 0.750000
s 0
f 345/470/227 346/471/227 348/472/227 347/473/227
f 347/473/228 348/472/228 352/474/228 351/475/228
f 351/475/229 352/474/229 350/476/229 349/477/229
f 349/477/230 350/476/230 346/478/230 345/479/230
f 347/480/231 351/475/231 349/477/231 345/481/231
f 352/474/232 348/482/232 346/483/232 350/476/232
o Cube.037
v 1.252693 0.034931 0.108727
v 1.251102 0.033871 -0.125324
v 1.285803 0.087558 0.108264
v 1.284212 0.086498 -0.125787
v 0.950674 0.224954 0.109920
v 0.949083 0.223893 -0.124131
v 0.983784 0.277581 0.109456
v 0.982193 0.276520 -0.124595
vn 0.8464 -0.5325 -0.0033
vn 0.5325 0.8464 -0.0075
vn -0.8464 0.5325 0.0033
vn -0.5325 -0.8464 0.0075
vn 0.0068 0.0045 1.0000
vn -0.0068 -0.0045 -1.0000
vt 0.375000 0.000000
vt 0.625000 0.000000
vt 0.625000 0.250000
vt 0.375000 0.250000
vt 0.625000 0.500000
vt 0.375000 0.500000
vt 0.625000 0.750000
vt 0.375000 0.750000
vt 0.625000 1.000000
vt 0.375000 1.000000
vt 0.125000 0.500000
vt 0.125000 0.750000
vt 0.875000 0.500000
vt 0.875000 0.750000
s 0
f 353/484/233 354/485/233 356/486/233 355/487/233
f 355/487/234 356/486/234 360/488/234 359/489/234
f 359/489/235 360/488/235 358/490/235 357/491/235
f 357/491/236 358/490/236 354/492/236 353/493/236
f 355/494/237 359/489/237 357/491/237 353/495/237
f 360/488/238 356/496/238 354/497/238 358/490/238
o Cube.038
v 1.448865 0.077080 0.108757
v 1.448042 0.075355 -0.125290
v 1.449848 0.118476 0.108448
v 1.449025 0.116750 -0.125599
v 1.157280 0.084010 0.109731
v 1.156457 0.082284 -0.124315
v 1.158263 0.125406 0.109423
v 1.157440 0.123680 -0.124624
vn 0.9997 -0.0238 -0.0033
vn 0.0237 0.9997 -0.0075
vn -0.9997 0.0238 0.0033
vn -0.0237 -0.9997 0.0075
vn 0.0035 0.0074 1.0000
vn -0.0035 -0.0074 -1.0000
vt 0.375000 0.000000
vt 0.625000 0.000000
vt 0.625000 0.250000
vt 0.375000 0.250000
vt 0.625000 0.500000
vt 0.375000 0.500000
vt 0.625000 0.750000
vt 0.375000 0.750000
vt 0.625000 1.000000
vt 0.375000 1.000000
vt 0.125000 0.500000
vt 0.125000 0.750000
vt 0.875000 0.500000
vt 0.875000 0.750000
s 0
f 361/498/239 362/499/239 364/500/239 363/501/239
f 363/501/240 364/500/240 368/502/240 367/503/240
f 367/503/241 368/502/241 366/504/241 365/505/241
f 365/505/242 366/504/242 362/506/242 361/507/242
f 363/508/243 367/503/243 365/505/243 361/509/243
f 368/502/244 364/510/244 362/511/244 366/504/244
o Cube.039
v -0.020525 0.101351 0.108626
v -0.021629 0.099762 -0.125399
v -0.009942 0.156006 0.108205
v -0.011047 0.154417 -0.125820
v -0.410293 0.176830 0.109953
v -0.411397 0.175241 -0.124072
v -0.399710 0.231484 0.109532
v -0.400815 0.229895 -0.124493
vn 0.9818 -0.1901 -0.0033
vn 0.1901 0.9817 -0.0076
vn -0.9818 0.1901 0.0033
vn -0.1901 -0.9817 0.0076
vn 0.0047 0.0068 1.0000
vn -0.0047 -0.0068 -1.0000
vt 0.375000 0.000000
vt 0.625000 0.000000
vt 0.625000 0.250000
vt 0.375000 0.250000
vt 0.625000 0.500000
vt 0.375000 0.500000
vt 0.625000 0.750000
vt 0.375000 0.750000
vt 0.625000 1.000000
vt 0.375000 1.000000
vt 0.125000 0.500000
vt 0.125000 0.750000
vt 0.875000 0.500000
vt 0.875000 0.750000
s 0
f 369/512/245 370/513/245 372/514/245 371/515/245
f 371/515/246 372/514/246 376/516/246 375/517/246
f 375/517/247 376/516/247 374/518/247 373/519/247
f 373/519/248 374/518/248 370/520/248 369/521/248
f 371/522/249 375/517/249 373/519/249 369/523/249
f 376/516/250 372/524/250 370/525/250 374/518/250
o Cube.040
v -0.386703 0.174224 0.108626
v -0.387509 0.172465 -0.125399
v -0.385954 0.229888 0.108205
v -0.386760 0.228129 -0.125820
v -0.783676 0.179571 0.109953
v -0.784482 0.177812 -0.124072
v -0.782927 0.235236 0.109532
v -0.783733 0.233477 -0.124493
vn 0.9999 -0.0135 -0.0033
vn 0.0134 0.9999 -0.0076
vn -0.9999 0.0135 0.0033
vn -0.0134 -0.9999 0.0076
vn 0.0034 0.0075 1.0000
vn -0.0034 -0.0075 -1.0000
vt 0.375000 0.000000
vt 0.625000 0.000000
vt 0.625000 0.250000
vt 0.375000 0.250000
vt 0.625000 0.500000
vt 0.375000 0.500000
vt 0.625000 0.750000
vt 0.375000 0.750000
vt 0.625000 1.000000
vt 0.375000 1.000000
vt 0.125000 0.500000
vt 0.125000 0.750000
vt 0.875000 0.500000
vt 0.875000 0.750000
s 0
f 377/526/251 378/527/251 380/528/251 379/529/251
f 379/529/252 380/528/252 384/530/252 383/531/252
f 383/531/253 384/530/253 382/532/253 381/533/253
f 381/533/254 382/532/254 378/534/254 377/535/254
f 379/536/255 383/531/255 381/533/255 377/537/255
f 384/530/256 380/538/256 378/539/256 382/532/256
o Cube.041
v -0.773329 0.180898 0.108626
v -0.774135 0.179138 -0.125399
v -0.772581 0.236562 0.108205
v -0.773387 0.234803 -0.125820
v -1.170302 0.186245 0.109953
v -1.171108 0.184486 -0.124072
v -1.169554 0.241910 0.109532
v -1.170360 0.240150 -0.124493
vn 0.9999 -0.0135 -0.0033
vn 0.0134 0.9999 -0.0076
vn -0.9999 0.0135 0.0033
vn -0.0134 -0.9999 0.0076
vn 0.0034 0.0075 1.0000
vn -0.0034 -0.0075 -1.0000
vt 0.375000 0.000000
vt 0.625000 0.000000
vt 0.625000 0.250000
vt 0.375000 0.250000
vt 0.625000 0.500000
vt 0.375000 0.500000
vt 0.625000 0.750000
vt 0.375000 0.750000
vt 0.625000 1.000000
vt 0.375000 1.000000
vt 0.125000 0.500000
vt 0.125000 0.750000
vt 0.875000 0.500000
vt 0.875000 0.750000
s 0
f 385/540/257 386/541/257 388/542/257 387/543/257
f 387/543/258 388/542/258 392/544/258 391/545/258
f 391/545/259 392/544/259 390/546/259 389/547/259
f 389/547/260 390/546/260 386/548/260 385/549/260
f 387/550/261 391/545/261 389/547/261 385/551/261
f 392/544/262 388/552/262 386/553/262 390/546/262
o Cube.042
v -0.380527 0.227673 0.108626
v -0.381333 0.225914 -0.125399
v -0.379779 0.283338 0.108205
v -0.380585 0.281578 -0.125820
v -0.777500 0.233021 0.109953
v -0.778306 0.231261 -0.124072
v -0.776752 0.288685 0.109532
v -0.777558 0.286926 -0.124493
vn 0.9999 -0.0135 -0.0033
vn 0.0134 0.9999 -0.0076
vn -0.9999 0.0135 0.0033
vn -0.0134 -0.9999 0.0076
vn 0.0034 0.0075 1.0000
vn -0.0034 -0.0075 -1.0000
vt 0.375000 0.000000
vt 0.625000 0.000000
vt 0.625000 0.250000
vt 0.375000 0.250000
vt 0.625000 0.500000
vt 0.375000 0.500000
vt 0.625000 0.750000
vt 0.375000 0.750000
vt 0.625000 1.000000
vt 0.375000 1.000000
vt 0.125000 0.500000
vt 0.125000 0.750000
vt 0.875000 0.500000
vt 0.875000 0.750000
s 0
f 393/554/263 394/555/263 396/556/263 395/557/263
f 395/557/264 396/556/264 400/558/264 399/559/264
f 399/559/265 400/558/265 398/560/265 397/561/265
f 397/561/266 398/560/266 394/562/266 393/563/266
f 395/564/267 399/559/267 397/561/267 393/565/267
f 400/558/268 396/566/268 394/567/268 398/560/268
o Cube.043
v -0.773329 0.234104 0.108626
v -0.774135 0.232345 -0.125399
v -0.772581 0.289768 0.108205
v -0.773387 0.288009 -0.125820
v -1.170302 0.239451 0.109953
v -1.171108 0.237692 -0.124072
v -1.169554 0.295116 0.109532
v -1.170360 0.293357 -0.124493
vn 0.9999 -0.0135 -0.0033
vn 0.0134 0.9999 -0.0076
vn -0.9999 0.0135 0.0033
vn -0.0134 -0.9999 0.0076
vn 0.0034 0.0075 1.0000
vn -0.0034 -0.0075 -1.0000
vt 0.375000 0.000000
vt 0.625000 0.000000
vt 0.625000 0.250000
vt 0.375000 0.250000
vt 0.625000 0.500000
vt 0.375000 0.500000
vt 0.625000 0.750000
vt 0.375000 0.750000
vt 0.625000 1.000000
vt 0.375000 1.000000
vt 0.125000 0.500000
vt 0.125000 0.750000
vt 0.875000 0.500000
vt 0.875000 0.750000
s 0
f 401/568/269 402/569/269 404/570/269 403/571/269
f 403/571/270 404/570/270 408/572/270 407/573/270
f 407/573/271 408/572/271 406/574/271 405/575/271
f 405/575/272 406/574/272 402/576/272 401/577/272
f 403/578/273 407/573/273 405/575/273 401/579/273
f 408/572/274 404/580/274 402/581/274 406/574/274
o Cube.044
v -0.125515 0.227673 0.108626
v -0.126321 0.225914 -0.125399
v -0.124766 0.283338 0.108205
v -0.125572 0.281578 -0.125820
v -0.522488 0.233021 0.109953
v -0.523294 0.231261 -0.124072
v -0.521739 0.288685 0.109532
v -0.522545 0.286926 -0.124493
vn 0.9999 -0.0135 -0.0033
vn 0.0134 0.9999 -0.0076
vn -0.9999 0.0135 0.0033
vn -0.0134 -0.9999 0.0076
vn 0.0034 0.0075 1.0000
vn -0.0034 -0.0075 -1.0000
vt 0.375000 0.000000
vt 0.625000 0.000000
vt 0.625000 0.250000
vt 0.375000 0.250000
vt 0.625000 0.500000
vt 0.375000 0.500000
vt 0.625000 0.750000
vt 0.375000 0.750000
vt 0.625000 1.000000
vt 0.375000 1.000000
vt 0.125000 0.500000
vt 0.125000 0.750000
vt 0.875000 0.500000
vt 0.875000 0.750000
s 0
f 409/582/275 410/583/275 412/584/275 411/585/275
f 411/585/276 412/584/276 416/586/276 415/587/276
f 415/587/277 416/586/277 414/588/277 413/589/277
f 413/589/278 414/588/278 410/590/278 409/591/278
f 411/592/279 415/587/279 413/589/279 409/593/279
f 416/586/280 412/594/280 410/595/280 414/588/280
o Cube.045
v -0.125515 0.180831 0.108626
v -0.126321 0.179072 -0.125399
v -0.124766 0.236496 0.108205
v -0.125572 0.234736 -0.125820
v -0.522488 0.186179 0.109953
v -0.523294 0.184419 -0.124072
v -0.521739 0.241843 0.109532
v -0.522545 0.240084 -0.124493
vn 0.9999 -0.0135 -0.0033
vn 0.0134 0.9999 -0.0076
vn -0.9999 0.0135 0.0033
vn -0.0134 -0.9999 0.0076
vn 0.0034 0.0075 1.0000
vn -0.0034 -0.0075 -1.0000
vt 0.375000 0.000000
vt 0.625000 0.000000
vt 0.625000 0.250000
vt 0.375000 0.250000
vt 0.625000 0.500000
vt 0.375000 0.500000
vt 0.625000 0.750000
vt 0.375000 0.750000
vt 0.625000 1.000000
vt 0.375000 1.000000
vt 0.125000 0.500000
vt 0.125000 0.750000
vt 0.875000 0.500000
vt 0.875000 0.750000
s 0
f 417/596/281 418/597/281 420/598/281 419/599/281
f 419/599/282 420/598/282 424/600/282 423/601/282
f 423/601/283 424/600/283 422/602/283 421/603/283
f 421/603/284 422/602/284 418/604/284 417/605/284
f 419/606/285 423/601/285 421/603/285 417/607/285
f 424/600/286 420/608/286 418/609/286 422/602/286
o Cube.046
v -0.184342 0.308492 -0.114763
v -0.184414 0.312288 -0.135971
v -0.184315 0.317822 -0.113093
v -0.184388 0.321618 -0.134302
v -0.801495 0.309838 -0.112415
v -0.801568 0.313634 -0.133623
v -0.801468 0.319168 -0.110745
v -0.801541 0.322964 -0.131953
vn 1.0000 -0.0022 -0.0038
vn 0.0028 0.9844 0.1761
vn -1.0000 0.0022 0.0038
vn -0.0028 -0.9844 -0.1761
vn 0.0034 -0.1762 0.9844
vn -0.0034 0.1762 -0.9844
vt 0.375000 0.000000
vt 0.625000 0.000000
vt 0.625000 0.250000
vt 0.375000 0.250000
vt 0.625000 0.500000
vt 0.375000 0.500000
vt 0.625000 0.750000
vt 0.375000 0.750000
vt 0.625000 1.000000
vt 0.375000 1.000000
vt 0.125000 0.500000
vt 0.125000 0.750000
vt 0.875000 0.500000
vt 0.875000 0.750000
s 0
f 425/610/287 426/611/287 428/612/287 427/613/287
f 427/613/288 428/612/288 432/614/288 431/615/288
f 431/615/289 432/614/289 430/616/289 429/617/289
f 429/617/290 430/616/290 426/618/290 425/619/290
f 427/620/291 431/615/291 429/617/291 425/621/291
f 432/614/292 428/622/292 426/623/292 430/616/292
o Cube.047
v -0.184409 0.281963 -0.116963
v -0.184439 0.278722 -0.125347
v -0.184292 0.320644 -0.131914
v -0.184322 0.317403 -0.140298
v -0.801561 0.284332 -0.115655
v -0.801591 0.281092 -0.124039
v -0.801444 0.323014 -0.130606
v -0.801474 0.319773 -0.138990
vn 1.0000 -0.0038 -0.0021
vn 0.0028 0.9327 -0.3605
vn -1.0000 0.0038 0.0021
vn -0.0028 -0.9327 0.3605
vn 0.0034 0.3605 0.9328
vn -0.0034 -0.3605 -0.9328
vt 0.375000 0.000000
vt 0.625000 0.000000
vt 0.625000 0.250000
vt 0.375000 0.250000
vt 0.625000 0.500000
vt 0.375000 0.500000
vt 0.625000 0.750000
vt 0.375000 0.750000
vt 0.625000 1.000000
vt 0.375000 1.000000
vt 0.125000 0.500000
vt 0.125000 0.750000
vt 0.875000 0.500000
vt 0.875000 0.750000
s 0
f 433/624/293 434/625/293 436/626/293 435/627/293
f 435/627/294 436/626/294 440/628/294 439/629/294
f 439/629/295 440/628/295 438/630/295 437/631/295
f 437/631/296 438/630/296 434/632/296 433/633/296
f 435/634/297 439/629/297 437/631/297 433/635/297
f 440/628/298 436/636/298 434/637/298 438/630/298
o Cube.048
v -0.553443 0.281963 -0.116963
v -0.553473 0.278722 -0.125347
v -0.553326 0.320644 -0.131914
v -0.553356 0.317403 -0.140298
v -1.170595 0.284332 -0.115655
v -1.170625 0.281092 -0.124039
v -1.170478 0.323014 -0.130606
v -1.170508 0.319773 -0.138990
vn 1.0000 -0.0038 -0.0021
vn 0.0028 0.9327 -0.3605
vn -1.0000 0.0038 0.0021
vn -0.0028 -0.9327 0.3605
vn 0.0034 0.3605 0.9328
vn -0.0034 -0.3605 -0.9328
vt 0.375000 0.000000
vt 0.625000 0.000000
vt 0.625000 0.250000
vt 0.375000 0.250000
vt 0.625000 0.500000
vt 0.375000 0.500000
vt 0.625000 0.750000
vt 0.375000 0.750000
vt 0.625000 1.000000
vt 0.375000 1.000000
vt 0.125000 0.500000
vt 0.125000 0.750000
vt 0.875000 0.500000
vt 0.875000 0.750000
s 0
f 441/638/299 442/639/299 444/640/299 443/641/299
f 443/641/300 444/640/300 448/642/300 447/643/300
f 447/643/301 448/642/301 446/644/301 445/645/301
f 445/645/302 446/644/302 442/646/302 441/647/302
f 443/648/303 447/643/303 445/645/303 441/649/303
f 448/642/304 444/650/304 442/651/304 446/644/304
o Cube.049
v -0.548652 0.308492 -0.114763
v -0.548725 0.312288 -0.135971
v -0.548626 0.317822 -0.113093
v -0.548698 0.321618 -0.134302
v -1.165806 0.309838 -0.112415
v -1.165878 0.313634 -0.133623
v -1.165779 0.319168 -0.110745
v -1.165851 0.322964 -0.131953
vn 1.0000 -0.0022 -0.0038
vn 0.0028 0.9844 0.1761
vn -1.0000 0.0022 0.0038
vn -0.0028 -0.9844 -0.1761
vn 0.0034 -0.1762 0.9844
vn -0.0034 0.1762 -0.9844
vt 0.375000 0.000000
vt 0.625000 0.000000
vt 0.625000 0.250000
vt 0.375000 0.250000
vt 0.625000 0.500000
vt 0.375000 0.500000
vt 0.625000 0.750000
vt 0.375000 0.750000
vt 0.625000 1.000000
vt 0.375000 1.000000
vt 0.125000 0.500000
vt 0.125000 0.750000
vt 0.875000 0.500000
vt 0.875000 0.750000
s 0
f 449/652/305 450/653/305 452/654/305 451/655/305
f 451/655/306 452/654/306 456/656/306 455/657/306
f 455/657/307 456/656/307 454/658/307 453/659/307
f 453/659/308 454/658/308 450/660/308 449/661/308
f 451/662/309 455/657/309 453/659/309 449/663/309
f 456/656/310 452/664/310 450/665/310 454/658/310
o Cube.050
v -1.165832 0.308492 0.103793
v -1.165805 0.312288 0.125002
v -1.165856 0.317822 0.102124
v -1.165828 0.321618 0.123332
v -0.548675 0.309838 0.102753
v -0.548648 0.313634 0.123961
v -0.548699 0.319168 0.101083
v -0.548671 0.322964 0.122292
vn -1.0000 -0.0022 0.0017
vn -0.0024 0.9844 -0.1762
vn 1.0000 0.0022 -0.0017
vn 0.0024 -0.9844 0.1762
vn -0.0013 -0.1762 -0.9844
vn 0.0013 0.1762 0.9844
vt 0.375000 0.000000
vt 0.625000 0.000000
vt 0.625000 0.250000
vt 0.375000 0.250000
vt 0.625000 0.500000
vt 0.375000 0.500000
vt 0.625000 0.750000
vt 0.375000 0.750000
vt 0.625000 1.000000
vt 0.375000 1.000000
vt 0.125000 0.500000
vt 0.125000 0.750000
vt 0.875000 0.500000
vt 0.875000 0.750000
s 0
f 457/666/311 458/667/311 460/668/311 459/669/311
f 459/669/312 460/668/312 464/670/312 463/671/312
f 463/671/313 464/670/313 462/672/313 461/673/313
f 461/673/314 462/672/314 458/674/314 457/675/314
f 459/676/315 463/671/315 461/673/315 457/677/315
f 464/670/316 460/678/316 458/679/316 462/672/316
o Cube.051
v -1.170484 0.281963 0.096757
v -1.170472 0.278722 0.105141
v -1.170633 0.320644 0.111708
v -1.170620 0.317403 0.120092
v -0.553331 0.284332 0.096757
v -0.553319 0.281092 0.105141
v -0.553480 0.323014 0.111707
v -0.553467 0.319773 0.120092
vn -1.0000 -0.0038 -0.0000
vn -0.0036 0.9327 0.3605
vn 1.0000 0.0038 -0.0000
vn 0.0036 -0.9327 -0.3605
vn -0.0014 0.3605 -0.9328
vn 0.0014 -0.3605 0.9328
vt 0.375000 0.000000
vt 0.625000 0.000000
vt 0.625000 0.250000
vt 0.375000 0.250000
vt 0.625000 0.500000
vt 0.375000 0.500000
vt 0.625000 0.750000
vt 0.375000 0.750000
vt 0.625000 1.000000
vt 0.375000 1.000000
vt 0.125000 0.500000
vt 0.125000 0.750000
vt 0.875000 0.500000
vt 0.875000 0.750000
s 0
f 465/680/317 466/681/317 468/682/317 467/683/317
f 467/683/318 468/682/318 472/684/318 471/685/318
f 471/685/319 472/684/319 470/686/319 469/687/319
f 469/687/320 470/686/320 466/688/320 465/689/320
f 467/690/321 471/685/321 469/687/321 465/691/321
f 472/684/322 468/692/322 466/693/322 470/686/322
o Cube.052
v -0.801450 0.281963 0.096757
v -0.801437 0.278722 0.105141
v -0.801598 0.320644 0.111708
v -0.801586 0.317403 0.120092
v -0.184297 0.284332 0.096757
v -0.184284 0.281092 0.105141
v -0.184445 0.323014 0.111707
v -0.184433 0.319773 0.120092
vn -1.0000 -0.0038 -0.0000
vn -0.0036 0.9327 0.3605
vn 1.0000 0.0038 -0.0000
vn 0.0036 -0.9327 -0.3605
vn -0.0014 0.3605 -0.9328
vn 0.0014 -0.3605 0.9328
vt 0.375000 0.000000
vt 0.625000 0.000000
vt 0.625000 0.250000
vt 0.375000 0.250000
vt 0.625000 0.500000
vt 0.375000 0.500000
vt 0.625000 0.750000
vt 0.375000 0.750000
vt 0.625000 1.000000
vt 0.375000 1.000000
vt 0.125000 0.500000
vt 0.125000 0.750000
vt 0.875000 0.500000
vt 0.875000 0.750000
s 0
f 473/694/323 474/695/323 476/696/323 475/697/323
f 475/697/324 476/696/324 480/698/324 479/699/324
f 479/699/325 480/698/325 478/700/325 477/701/325
f 477/701/326 478/700/326 474/702/326 473/703/326
f 475/704/327 479/699/327 477/701/327 473/705/327
f 480/698/328 476/706/328 474/707/328 478/700/328
o Cube.053
v -0.801522 0.308492 0.103793
v -0.801494 0.312288 0.125002
v -0.801545 0.317822 0.102124
v -0.801518 0.321618 0.123332
v -0.184365 0.309838 0.102753
v -0.184338 0.313634 0.123961
v -0.184388 0.319168 0.101083
v -0.184361 0.322964 0.122292
vn -1.0000 -0.0022 0.0017
vn -0.0024 0.9844 -0.1762
vn 1.0000 0.0022 -0.0017
vn 0.0024 -0.9844 0.1762
vn -0.0013 -0.1762 -0.9844
vn 0.0013 0.1762 0.9844
vt 0.375000 0.000000
vt 0.625000 0.000000
vt 0.625000 0.250000
vt 0.375000 0.250000
vt 0.625000 0.500000
vt 0.375000 0.500000
vt 0.625000 0.750000
vt 0.375000 0.750000
vt 0.625000 1.000000
vt 0.375000 1.000000
vt 0.125000 0.500000
vt 0.125000 0.750000
vt 0.875000 0.500000
vt 0.875000 0.750000
s 0
f 481/708/329 482/709/329 484/710/329 483/711/329
f 483/711/330 484/710/330 488/712/330 487/713/330
f 487/713/331 488/712/331 486/714/331 485/715/331
f 485/715/332 486/714/332 482/716/332 481/717/332
f 483/718/333 487/713/333 485/715/333 481/719/333
f 488/712/334 484/720/334 482/721/334 486/714/334
o Cube.054
v -1.169957 0.313039 0.109952
v -1.170740 0.314798 -0.124074
v -1.169959 0.257369 0.109533
v -1.170741 0.259129 -0.124492
v -0.772948 0.313039 0.108625
v -0.773731 0.314798 -0.125401
v -0.772950 0.257369 0.108206
v -0.773732 0.259129 -0.125819
vn -1.0000 -0.0000 0.0033
vn -0.0000 -1.0000 -0.0075
vn 1.0000 -0.0000 -0.0033
vn -0.0000 1.0000 0.0075
vn 0.0033 -0.0075 1.0000
vn -0.0033 0.0075 -1.0000
vt 0.375000 0.000000
vt 0.625000 0.000000
vt 0.625000 0.250000
vt 0.375000 0.250000
vt 0.625000 0.500000
vt 0.375000 0.500000
vt 0.625000 0.750000
vt 0.375000 0.750000
vt 0.625000 1.000000
vt 0.375000 1.000000
vt 0.125000 0.500000
vt 0.125000 0.750000
vt 0.875000 0.500000
vt 0.875000 0.750000
s 0
f 489/722/335 490/723/335 492/724/335 491/725/335
f 491/725/336 492/724/336 496/726/336 495/727/336
f 495/727/337 496/726/337 494/728/337 493/729/337
f 493/729/338 494/728/338 490/730/338 489/731/338
f 491/732/339 495/727/339 493/729/339 489/733/339
f 496/726/340 492/734/340 490/735/340 494/728/340
o Cube.055
v -0.387317 0.256458 0.108626
v -0.388123 0.254698 -0.125399
v -0.386569 0.312122 0.108205
v -0.387375 0.310363 -0.125820
v -0.784290 0.261805 0.109953
v -0.785096 0.260046 -0.124072
v -0.783542 0.317470 0.109532
v -0.784348 0.315710 -0.124493
vn 0.9999 -0.0135 -0.0033
vn 0.0134 0.9999 -0.0076
vn -0.9999 0.0135 0.0033
vn -0.0134 -0.9999 0.0076
vn 0.0034 0.0075 1.0000
vn -0.0034 -0.0075 -1.0000
vt 0.375000 0.000000
vt 0.625000 0.000000
vt 0.625000 0.250000
vt 0.375000 0.250000
vt 0.625000 0.500000
vt 0.375000 0.500000
vt 0.625000 0.750000
vt 0.375000 0.750000
vt 0.625000 1.000000
vt 0.375000 1.000000
vt 0.125000 0.500000
vt 0.125000 0.750000
vt 0.875000 0.500000
vt 0.875000 0.750000
s 0
f 497/736/341 498/737/341 500/738/341 499/739/341
f 499/739/342 500/738/342 504/740/342 503/741/342
f 503/741/343 504/740/343 502/742/343 501/743/343
f 501/743/344 502/742/344 498/744/344 497/745/344
f 499/746/345 503/741/345 501/743/345 497/747/345
f 504/740/346 500/748/346 498/749/346 502/742/346
o Cube.056
v -0.144572 0.256458 0.108626
v -0.145378 0.254698 -0.125399
v -0.143823 0.312122 0.108205
v -0.144629 0.310363 -0.125820
v -0.541545 0.261805 0.109953
v -0.542351 0.260046 -0.124072
v -0.540796 0.317470 0.109532
v -0.541602 0.315710 -0.124493
vn 0.9999 -0.0135 -0.0033
vn 0.0134 0.9999 -0.0076
vn -0.9999 0.0135 0.0033
vn -0.0134 -0.9999 0.0076
vn 0.0034 0.0075 1.0000
vn -0.0034 -0.0075 -1.0000
vt 0.375000 0.000000
vt 0.625000 0.000000
vt 0.625000 0.250000
vt 0.375000 0.250000
vt 0.625000 0.500000
vt 0.375000 0.500000
vt 0.625000 0.750000
vt 0.375000 0.750000
vt 0.625000 1.000000
vt 0.375000 1.000000
vt 0.125000 0.500000
vt 0.125000 0.750000
vt 0.875000 0.500000
vt 0.875000 0.750000
s 0
f 505/750/347 506/751/347 508/752/347 507/753/347
f 507/753/348 508/752/348 512/754/348 511/755/348
f 511/755/349 512/754/349 510/756/349 509/757/349
f 509/757/350 510/756/350 506/758/350 505/759/350
f 507/760/351 511/755/351 509/757/351 505/761/351
f 512/754/352 508/762/352 506/763/352 510/756/352
o Cube.057
v -1.170163 0.344055 -0.043804
v -1.170532 0.289022 -0.139468
v -1.170164 0.295800 -0.016044
v -1.170533 0.240767 -0.111708
v -0.773156 0.343385 -0.044949
v -0.773525 0.288352 -0.140613
v -0.773157 0.295130 -0.017189
v -0.773526 0.240097 -0.112854
vn -1.0000 0.0017 0.0029
vn -0.0000 -0.8668 0.4986
vn 1.0000 -0.0017 -0.0029
vn -0.0000 0.8668 -0.4986
vn 0.0033 0.4986 0.8668
vn -0.0033 -0.4986 -0.8668
vt 0.375000 0.000000
vt 0.625000 0.000000
vt 0.625000 0.250000
vt 0.375000 0.250000
vt 0.625000 0.500000
vt 0.375000 0.500000
vt 0.625000 0.750000
vt 0.375000 0.750000
vt 0.625000 1.000000
vt 0.375000 1.000000
vt 0.125000 0.500000
vt 0.125000 0.750000
vt 0.875000 0.500000
vt 0.875000 0.750000
s 0
f 513/764/353 514/765/353 516/766/353 515/767/353
f 515/767/354 516/766/354 520/768/354 519/769/354
f 519/769/355 520/768/355 518/770/355 517/771/355
f 517/771/356 518/770/356 514/772/356 513/773/356
f 515/774/357 519/769/357 517/771/357 513/775/357
f 520/768/358 516/776/358 514/777/358 518/770/358
o Cube.058
v -1.170163 0.300082 -0.001548
v -1.170532 0.238578 0.090089
v -1.170164 0.346306 0.029476
v -1.170533 0.284801 0.121113
v -0.773156 0.299351 -0.000441
v -0.773525 0.237846 0.091196
v -0.773157 0.345575 0.030583
v -0.773526 0.284070 0.122221
vn -1.0000 0.0018 -0.0028
vn -0.0000 0.8303 0.5573
vn 1.0000 -0.0018 0.0028
vn -0.0000 -0.8303 -0.5573
vn 0.0033 0.5573 -0.8303
vn -0.0033 -0.5573 0.8303
vt 0.375000 0.000000
vt 0.625000 0.000000
vt 0.625000 0.250000
vt 0.375000 0.250000
vt 0.625000 0.500000
vt 0.375000 0.500000
vt 0.625000 0.750000
vt 0.375000 0.750000
vt 0.625000 1.000000
vt 0.375000 1.000000
vt 0.125000 0.500000
vt 0.125000 0.750000
vt 0.875000 0.500000
vt 0.875000 0.750000
s 0
f 521/778/359 522/779/359 524/780/359 523/781/359
f 523/781/360 524/780/360 528/782/360 527/783/360
f 527/783/361 528/782/361 526/784/361 525/785/361
f 525/785/362 526/784/362 522/786/362 521/787/362
f 523/788/363 527/783/363 525/785/363 521/789/363
f 528/782/364 524/790/364 522/791/364 526/784/364
o Cube.059
v -0.785174 0.300082 -0.001548
v -0.785543 0.238578 0.090089
v -0.785175 0.346306 0.029476
v -0.785544 0.284801 0.121113
v -0.388167 0.299351 -0.000441
v -0.388536 0.237846 0.091196
v -0.388168 0.345575 0.030583
v -0.388537 0.284070 0.122221
vn -1.0000 0.0018 -0.0028
vn -0.0000 0.8303 0.5573
vn 1.0000 -0.0018 0.0028
vn -0.0000 -0.8303 -0.5573
vn 0.0033 0.5573 -0.8303
vn -0.0033 -0.5573 0.8303
vt 0.375000 0.000000
vt 0.625000 0.000000
vt 0.625000 0.250000
vt 0.375000 0.250000
vt 0.625000 0.500000
vt 0.375000 0.500000
vt 0.625000 0.750000
vt 0.375000 0.750000
vt 0.625000 1.000000
vt 0.375000 1.000000
vt 0.125000 0.500000
vt 0.125000 0.750000
vt 0.875000 0.500000
vt 0.875000 0.750000
s 0
f 529/792/365 530/793/365 532/794/365 531/795/365
f 531/795/366 532/794/366 536/796/366 535/797/366
f 535/797/367 536/796/367 534/798/367 533/799/367
f 533/799/368 534/798/368 530/800/368 529/801/368
f 531/802/369 535/797/369 533/799/369 529/803/369
f 536/796/370 532/804/370 530/805/370 534/798/370
o Cube.060
v -0.785174 0.344055 -0.043804
v -0.785543 0.289022 -0.139468
v -0.785175 0.295800 -0.016044
v -0.785544 0.240767 -0.111708
v -0.388167 0.343385 -0.044949
v -0.388536 0.288352 -0.140613
v -0.388168 0.295130 -0.017189
v -0.388537 0.240097 -0.112854
vn -1.0000 0.0017 0.0029
vn -0.0000 -0.8668 0.4986
vn 1.0000 -0.0017 -0.0029
vn -0.0000 0.8668 -0.4986
vn 0.0033 0.4986 0.8668
vn -0.0033 -0.4986 -0.8668
vt 0.375000 0.000000
vt 0.625000 0.000000
vt 0.625000 0.250000
vt 0.375000 0.250000
vt 0.625000 0.500000
vt 0.375000 0.500000
vt 0.625000 0.750000
vt 0.375000 0.750000
vt 0.625000 1.000000
vt 0.375000 1.000000
vt 0.125000 0.500000
vt 0.125000 0.750000
vt 0.875000 0.500000
vt 0.875000 0.750000
s 0
f 537/806/371 538/807/371 540/808/371 539/809/371
f 539/809/372 540/808/372 544/810/372 543/811/372
f 543/811/373 544/810/373 542/812/373 541/813/373
f 541/813/374 542/812/374 538/814/374 537/815/374
f 539/816/375 543/811/375 541/813/375 537/817/375
f 544/810/376 540/818/376 538/819/376 542/812/376
o Cube.061
v -0.396086 0.344055 -0.043804
v -0.396455 0.289022 -0.139468
v -0.396088 0.295800 -0.016044
v -0.396457 0.240767 -0.111708
v 0.000921 0.343385 -0.044949
v 0.000552 0.288352 -0.140613
v 0.000920 0.295130 -0.017189
v 0.000551 0.240097 -0.112854
vn -1.0000 0.0017 0.0029
vn -0.0000 -0.8668 0.4986
vn 1.0000 -0.0017 -0.0029
vn -0.0000 0.8668 -0.4986
vn 0.0033 0.4986 0.8668
vn -0.0033 -0.4986 -0.8668
vt 0.375000 0.000000
vt 0.625000 0.000000
vt 0.625000 0.250000
vt 0.375000 0.250000
vt 0.625000 0.500000
vt 0.375000 0.500000
vt 0.625000 0.750000
vt 0.375000 0.750000
vt 0.625000 1.000000
vt 0.375000 1.000000
vt 0.125000 0.500000
vt 0.125000 0.750000
vt 0.875000 0.500000
vt 0.875000 0.750000
s 0
f 545/820/377 546/821/377 548/822/377 547/823/377
f 547/823/378 548/822/378 552/824/378 551/825/378
f 551/825/379 552/824/379 550/826/379 549/827/379
f 549/827/380 550/826/380 546/828/380 545/829/380
f 547/830/381 551/825/381 549/827/381 545/831/381
f 552/824/382 548/832/382 546/833/382 550/826/382
o Cube.062
v -0.396086 0.300082 -0.001548
v -0.396455 0.238578 0.090089
v -0.396088 0.346306 0.029476
v -0.396457 0.284801 0.121113
v 0.000921 0.299351 -0.000441
v 0.000552 0.237846 0.091196
v 0.000920 0.345575 0.030583
v 0.000551 0.284070 0.122221
vn -1.0000 0.0018 -0.0028
vn -0.0000 0.8303 0.5573
vn 1.0000 -0.0018 0.0028
vn -0.0000 -0.8303 -0.5573
vn 0.0033 0.5573 -0.8303
vn -0.0033 -0.5573 0.8303
vt 0.375000 0.000000
vt 0.625000 0.000000
vt 0.625000 0.250000
vt 0.375000 0.250000
vt 0.625000 0.500000
vt 0.375000 0.500000
vt 0.625000 0.750000
vt 0.375000 0.750000
vt 0.625000 1.000000
vt 0.375000 1.000000
vt 0.125000 0.500000
vt 0.125000 0.750000
vt 0.875000 0.500000
vt 0.875000 0.750000
s 0
f 553/834/383 554/835/383 556/836/383 555/837/383
f 555/837/384 556/836/384 560/838/384 559/839/384
f 559/839/385 560/838/385 558/840/385 557/841/385
f 557/841/386 558/840/386 554/842/386 553/843/386
f 555/844/387 559/839/387 557/841/387 553/845/387
f 560/838/388 556/846/388 554/847/388 558/840/388
o Cube.063
v -0.010258 0.300082 -0.001548
v -0.010627 0.238578 0.090089
v -0.010259 0.346306 0.029476
v -0.010628 0.284801 0.121113
v 0.386749 0.299351 -0.000441
v 0.386380 0.237846 0.091196
v 0.386748 0.345575 0.030583
v 0.386379 0.284070 0.122221
vn -1.0000 0.0018 -0.0028
vn -0.0000 0.8303 0.5573
vn 1.0000 -0.0018 0.0028
vn -0.0000 -0.8303 -0.5573
vn 0.0033 0.5573 -0.8303
vn -0.0033 -0.5573 0.8303
vt 0.375000 0.000000
vt 0.625000 0.000000
vt 0.625000 0.250000
vt 0.375000 0.250000
vt 0.625000 0.500000
vt 0.375000 0.500000
vt 0.625000 0.750000
vt 0.375000 0.750000
vt 0.625000 1.000000
vt 0.375000 1.000000
vt 0.125000 0.500000
vt 0.125000 0.750000
vt 0.875000 0.500000
vt 0.875000 0.750000
s 0
f 561/848/389 562/849/389 564/850/389 563/851/389
f 563/851/390 564/850/390 568/852/390 567/853/390
f 567/853/391 568/852/391 566/854/391 565/855/391
f 565/855/392 566/854/392 562/856/392 561/857/392
f 563/858/393 567/853/393 565/855/393 561/859/393
f 568/852/394 564/860/394 562/861/394 566/854/394
o Cube.064
v -0.010258 0.344055 -0.043804
v -0.010627 0.289022 -0.139468
v -0.010259 0.295800 -0.016044
v -0.010628 0.240767 -0.111708
v 0.386749 0.343385 -0.044949
v 0.386380 0.288352 -0.140613
v 0.386748 0.295130 -0.017189
v 0.386379 0.240097 -0.112854
vn -1.0000 0.0017 0.0029
vn -0.0000 -0.8668 0.4986
vn 1.0000 -0.0017 -0.0029
vn -0.0000 0.8668 -0.4986
vn 0.0033 0.4986 0.8668
vn -0.0033 -0.4986 -0.8668
vt 0.375000 0.000000
vt 0.625000 0.000000
vt 0.625000 0.250000
vt 0.375000 0.250000
vt 0.625000 0.500000
vt 0.375000 0.500000
vt 0.625000 0.750000
vt 0.375000 0.750000
vt 0.625000 1.000000
vt 0.375000 1.000000
vt 0.125000 0.500000
vt 0.125000 0.750000
vt 0.875000 0.500000
vt 0.875000 0.750000
s 0
f 569/862/395 570/863/395 572/864/395 571/865/395
f 571/865/396 572/864/396 576/866/396 575/867/396
f 575/867/397 576/866/397 574/868/397 573/869/397
f 573/869/398 574/868/398 570/870/398 569/871/398
f 571/872/399 575/867/399 573/869/399 569/873/399
f 576/866/400 572/874/400 570/875/400 574/868/400
o Cube.065
v 0.376087 0.344055 -0.043804
v 0.375718 0.289022 -0.139468
v 0.376085 0.295800 -0.016044
v 0.375716 0.240767 -0.111708
v 0.773094 0.343385 -0.044949
v 0.772725 0.288352 -0.140613
v 0.773092 0.295130 -0.017189
v 0.772723 0.240097 -0.112854
vn -1.0000 0.0017 0.0029
vn -0.0000 -0.8668 0.4986
vn 1.0000 -0.0017 -0.0029
vn -0.0000 0.8668 -0.4986
vn 0.0033 0.4986 0.8668
vn -0.0033 -0.4986 -0.8668
vt 0.375000 0.000000
vt 0.625000 0.000000
vt 0.625000 0.250000
vt 0.375000 0.250000
vt 0.625000 0.500000
vt 0.375000 0.500000
vt 0.625000 0.750000
vt 0.375000 0.750000
vt 0.625000 1.000000
vt 0.375000 1.000000
vt 0.125000 0.500000
vt 0.125000 0.750000
vt 0.875000 0.500000
vt 0.875000 0.750000
s 0
f 577/876/401 578/877/401 580/878/401 579/879/401
f 579/879/402 580/878/402 584/880/402 583/881/402
f 583/881/403 584/880/403 582/882/403 581/883/403
f 581/883/404 582/882/404 578/884/404 577/885/404
f 579/886/405 583/881/405 581/883/405 577/887/405
f 584/880/406 580/888/406 578/889/406 582/882/406
o Cube.066
v 0.376087 0.300082 -0.001548
v 0.375718 0.238578 0.090089
v 0.376085 0.346306 0.029476
v 0.375716 0.284801 0.121113
v 0.773094 0.299351 -0.000441
v 0.772725 0.237846 0.091196
v 0.773092 0.345575 0.030583
v 0.772723 0.284070 0.122221
vn -1.0000 0.0018 -0.0028
vn -0.0000 0.8303 0.5573
vn 1.0000 -0.0018 0.0028
vn -0.0000 -0.8303 -0.5573
vn 0.0033 0.5573 -0.8303
vn -0.0033 -0.5573 0.8303
vt 0.375000 0.000000
vt 0.625000 0.000000
vt 0.625000 0.250000
vt 0.375000 0.250000
vt 0.625000 0.500000
vt 0.375000 0.500000
vt 0.625000 0.750000
vt 0.375000 0.750000
vt 0.625000 1.000000
vt 0.375000 1.000000
vt 0.125000 0.500000
vt 0.125000 0.750000
vt 0.875000 0.500000
vt 0.875000 0.750000
s 0
f 585/890/407 586/891/407 588/892/407 587/893/407
f 587/893/408 588/892/408 592/894/408 591/895/408
f 591/895/409 592/894/409 590/896/409 589/897/409
f 589/897/410 590/896/410 586/898/410 585/899/410
f 587/900/411 591/895/411 589/897/411 585/901/411
f 592/894/412 588/902/412 586/903/412 590/896/412
o Cube.067
v 0.594102 0.300082 -0.001548
v 0.593733 0.238578 0.090089
v 0.594100 0.346306 0.029476
v 0.593731 0.284801 0.121113
v 0.991109 0.299351 -0.000441
v 0.990740 0.237846 0.091196
v 0.991107 0.345575 0.030583
v 0.990739 0.284070 0.122221
vn -1.0000 0.0018 -0.0028
vn -0.0000 0.8303 0.5573
vn 1.0000 -0.0018 0.0028
vn -0.0000 -0.8303 -0.5573
vn 0.0033 0.5573 -0.8303
vn -0.0033 -0.5573 0.8303
vt 0.375000 0.000000
vt 0.625000 0.000000
vt 0.625000 0.250000
vt 0.375000 0.250000
vt 0.625000 0.500000
vt 0.375000 0.500000
vt 0.625000 0.750000
vt 0.375000 0.750000
vt 0.625000 1.000000
vt 0.375000 1.000000
vt 0.125000 0.500000
vt 0.125000 0.750000
vt 0.875000 0.500000
vt 0.875000 0.750000
s 0
f 593/904/413 594/905/413 596/906/413 595/907/413
f 595/907/414 596/906/414 600/908/414 599/909/414
f 599/909/415 600/908/415 598/910/415 597/911/415
f 597/911/416 598/910/416 594/912/416 593/913/416
f 595/914/417 599/909/417 597/911/417 593/915/417
f 600/908/418 596/916/418 594/917/418 598/910/418
o Cube.068
v 0.594102 0.344055 -0.043804
v 0.593733 0.289022 -0.139468
v 0.594100 0.295800 -0.016044
v 0.593731 0.240767 -0.111708
v 0.991109 0.343385 -0.044949
v 0.990740 0.288352 -0.140613
v 0.991107 0.295130 -0.017189
v 0.990739 0.240097 -0.112854
vn -1.0000 0.0017 0.0029
vn -0.0000 -0.8668 0.4986
vn 1.0000 -0.0017 -0.0029
vn -0.0000 0.8668 -0.4986
vn 0.0033 0.4986 0.8668
vn -0.0033 -0.4986 -0.8668
vt 0.375000 0.000000
vt 0.625000 0.000000
vt 0.625000 0.250000
vt 0.375000 0.250000
vt 0.625000 0.500000
vt 0.375000 0.500000
vt 0.625000 0.750000
vt 0.375000 0.750000
vt 0.625000 1.000000
vt 0.375000 1.000000
vt 0.125000 0.500000
vt 0.125000 0.750000
vt 0.875000 0.500000
vt 0.875000 0.750000
s 0
f 601/918/419 602/919/419 604/920/419 603/921/419
f 603/921/420 604/920/420 608/922/420 607/923/420
f 607/923/421 608/922/421 606/924/421 605/925/421
f 605/925/422 606/924/422 602/926/422 601/927/422
f 603/928/423 607/923/423 605/925/423 601/929/423
f 608/922/424 604/930/424 602/931/424 606/924/424
o Cube.069
v 0.421708 0.122131 0.105475
v 0.421708 0.122131 0.114464
v 0.421708 0.163601 0.105475
v 0.421708 0.163601 0.114464
v 0.818548 0.122131 0.105475
v 0.818548 0.122131 0.114463
v 0.818548 0.163601 0.105475
v 0.818548 0.163601 0.114463
v 0.421708 0.161624 0.105475
v 0.421708 0.161624 0.114464
v 0.421708 0.203094 0.105475
v 0.421708 0.203094 0.114464
v 0.818548 0.161624 0.105475
v 0.818548 0.161624 0.114463
v 0.818548 0.203094 0.105475
v 0.818548 0.203094 0.114464
v 0.421751 0.202129 0.105983
v 0.421781 0.202062 0.114972
v 0.421634 0.243598 0.106292
v 0.421664 0.243531 0.115281
v 0.818592 0.203257 0.104658
v 0.818622 0.203190 0.113646
v 0.818475 0.244726 0.104967
v 0.818505 0.244659 0.113955
v 0.421751 0.242578 0.105983
v 0.421781 0.242511 0.114972
v 0.421634 0.284046 0.106292
v 0.421664 0.283979 0.115281
v 0.818592 0.243706 0.104658
v 0.818622 0.243639 0.113646
v 0.818475 0.285174 0.104967
v 0.818505 0.285107 0.113955
v -0.192335 0.244552 0.106351
v -0.192305 0.244485 0.115339
v -0.192452 0.286020 0.106660
v -0.192422 0.285954 0.115649
v 0.424817 0.246306 0.104290
v 0.424847 0.246239 0.113278
v 0.424700 0.287775 0.104599
v 0.424730 0.287708 0.113587
v -0.192335 0.204103 0.106351
v -0.192305 0.204036 0.115339
v -0.192452 0.245572 0.106660
v -0.192422 0.245505 0.115649
v 0.424817 0.205857 0.104290
v 0.424847 0.205790 0.113278
v 0.424700 0.247326 0.104599
v 0.424730 0.247259 0.113587
v -0.192381 0.163911 0.105475
v -0.192381 0.163911 0.114464
v -0.192381 0.205381 0.105475
v -0.192381 0.205381 0.114464
v 0.424776 0.163911 0.105475
v 0.424776 0.163911 0.114463
v 0.424776 0.205381 0.105475
v 0.424776 0.205381 0.114463
v -0.192381 0.124418 0.105475
v -0.192381 0.124418 0.114464
v -0.192381 0.165888 0.105475
v -0.192381 0.165888 0.114464
v 0.424776 0.124418 0.105475
v 0.424776 0.124418 0.114463
v 0.424776 0.165888 0.105475
v 0.424776 0.165888 0.114463
v -0.192381 0.087838 0.105475
v -0.192381 0.087838 0.114464
v -0.192381 0.129309 0.105475
v -0.192381 0.129309 0.114464
v 0.424776 0.087838 0.105475
v 0.424776 0.087838 0.114463
v 0.424776 0.129309 0.105475
v 0.424776 0.129309 0.114463
v -0.192381 0.049256 0.105475
v -0.192381 0.049256 0.114464
v -0.192381 0.090726 0.105475
v -0.192381 0.090726 0.114464
v 0.424776 0.049256 0.105475
v 0.424776 0.049256 0.114463
v 0.424776 0.090726 0.105475
v 0.424776 0.090726 0.114463
v 0.497304 0.264720 0.095447
v 0.573162 0.259958 0.062983
v 0.421447 0.259958 0.062983
v 0.497305 -0.129717 0.131201
v 0.436400 0.192483 0.095447
v 0.512257 0.187721 0.062983
v 0.360542 0.187721 0.062983
v 0.436400 -0.201954 0.131201
v 0.360105 0.140871 0.095447
v 0.435963 0.136109 0.062983
v 0.284247 0.136109 0.062983
v 0.360105 -0.253566 0.131201
v 0.699893 0.292057 0.086977
v 0.775751 0.286951 0.052171
v 0.624035 0.286951 0.052171
v 0.699893 -0.239372 0.141233
v 0.654078 0.245483 0.093493
v 0.729936 0.241163 0.064042
v 0.578220 0.241163 0.064042
v 0.654078 -0.147913 0.131147
v 0.567459 0.186333 0.095102
v 0.651748 0.181197 0.060090
v 0.483169 0.181197 0.060090
v 0.567459 -0.211265 0.129585
v 0.296110 0.140871 0.095447
v 0.371968 0.136109 0.062983
v 0.220252 0.136109 0.062983
v 0.296110 -0.253566 0.131201
v 0.259910 0.163767 0.093783
v 0.335768 0.159381 0.063885
v 0.184052 0.159381 0.063885
v 0.259910 -0.229779 0.131154
v -0.050210 0.103758 0.095102
v 0.034079 0.098622 0.060090
v -0.134500 0.098622 0.060090
v -0.050210 -0.293840 0.129585
v -0.005773 0.140871 0.095447
v 0.070085 0.136109 0.062983
v -0.081630 0.136109 0.062983
v -0.005773 -0.253566 0.131201
v 0.036409 0.162908 0.093493
v 0.112266 0.158588 0.064042
v -0.039449 0.158588 0.064042
v 0.036409 -0.230488 0.131147
v 0.082224 0.209482 0.086977
v 0.158082 0.204376 0.052171
v 0.006366 0.204376 0.052171
v 0.082224 -0.321947 0.141233
v 0.120384 0.140871 0.095447
v 0.196241 0.136109 0.062983
v 0.044526 0.136109 0.062983
v 0.120384 -0.253566 0.131201
v 0.164511 0.109371 0.095447
v 0.240369 0.104608 0.062983
v 0.088653 0.104608 0.062983
v 0.164511 -0.285066 0.131201
v 0.209076 0.140871 0.095447
v 0.284934 0.136109 0.062983
v 0.133219 0.136109 0.062983
v 0.209076 -0.253566 0.131201
vn -1.0000 -0.0000 -0.0000
vn -0.0000 1.0000 -0.0000
vn 1.0000 -0.0000 -0.0000
vn -0.0000 -1.0000 -0.0000
vn -0.0000 -0.0000 -1.0000
vn -0.0000 -0.0000 1.0000
vn -1.0000 -0.0028 0.0033
vn -0.0028 1.0000 0.0075
vn 1.0000 0.0028 -0.0033
vn 0.0028 -1.0000 -0.0075
vn -0.0034 0.0074 -1.0000
vn 0.0034 -0.0074 1.0000
vn 0.3965 0.0829 0.9143
vn -0.0000 0.9894 -0.1451
vn -0.0000 -0.1724 -0.9850
vn -0.3965 0.0829 0.9143
vn 0.4204 0.0922 0.9027
vn -0.0000 -0.1668 -0.9860
vn -0.4204 0.0922 0.9027
vn 0.3649 0.0887 0.9268
vn -0.0000 -0.1700 -0.9855
vn -0.3649 0.0887 0.9268
vn 0.3865 0.0797 0.9188
vn -0.0000 -0.1744 -0.9847
vn -0.3865 0.0797 0.9188
vn 0.3697 0.0878 0.9250
vn -0.0000 -0.1703 -0.9854
vn -0.3696 0.0878 0.9250
vt 0.375000 0.000000
vt 0.625000 0.000000
vt 0.625000 0.250000
vt 0.375000 0.250000
vt 0.625000 0.500000
vt 0.375000 0.500000
vt 0.625000 0.750000
vt 0.375000 0.750000
vt 0.625000 1.000000
vt 0.375000 1.000000
vt 0.125000 0.500000
vt 0.125000 0.750000
vt 0.875000 0.500000
vt 0.875000 0.750000
vt 0.250000 0.490000
vt 0.250000 0.250000
vt 0.457846 0.130000
vt 0.750000 0.490000
vt 0.957846 0.130000
vt 0.542154 0.130000
vt 0.042154 0.130000
s 0
f 609/932/425 610/933/425 612/934/425 611/935/425
f 611/935/426 612/934/426 616/936/426 615/937/426
f 615/937/427 616/936/427 614/938/427 613/939/427
f 613/939/428 614/938/428 610/940/428 609/941/428
f 611/942/429 615/937/429 613/939/429 609/943/429
f 616/936/430 612/944/430 610/945/430 614/938/430
f 617/932/425 618/933/425 620/934/425 619/935/425
f 619/935/426 620/934/426 624/936/426 623/937/426
f 623/937/427 624/936/427 622/938/427 621/939/427
f 621/939/428 622/938/428 618/940/428 617/941/428
f 619/942/429 623/937/429 621/939/429 617/943/429
f 624/936/430 620/944/430 618/945/430 622/938/430
f 625/932/431 626/933/431 628/934/431 627/935/431
f 627/935/432 628/934/432 632/936/432 631/937/432
f 631/937/433 632/936/433 630/938/433 629/939/433
f 629/939/434 630/938/434 626/940/434 625/941/434
f 627/942/435 631/937/435 629/939/435 625/943/435
f 632/936/436 628/944/436 626/945/436 630/938/436
f 633/932/431 634/933/431 636/934/431 635/935/431
f 635/935/432 636/934/432 640/936/432 639/937/432
f 639/937/433 640/936/433 638/938/433 637/939/433
f 637/939/434 638/938/434 634/940/434 633/941/434
f 635/942/435 639/937/435 637/939/435 633/943/435
f 640/936/436 636/944/436 634/945/436 638/938/436
f 641/932/431 642/933/431 644/934/431 643/935/431
f 643/935/432 644/934/432 648/936/432 647/937/432
f 647/937/433 648/936/433 646/938/433 645/939/433
f 645/939/434 646/938/434 642/940/434 641/941/434
f 643/942/435 647/937/435 645/939/435 641/943/435
f 648/936/436 644/944/436 642/945/436 646/938/436
f 649/932/431 650/933/431 652/934/431 651/935/431
f 651/935/432 652/934/432 656/936/432 655/937/432
f 655/937/433 656/936/433 654/938/433 653/939/433
f 653/939/434 654/938/434 650/940/434 649/941/434
f 651/942/435 655/937/435 653/939/435 649/943/435
f 656/936/436 652/944/436 650/945/436 654/938/436
f 657/932/425 658/933/425 660/934/425 659/935/425
f 659/935/426 660/934/426 664/936/426 663/937/426
f 663/937/427 664/936/427 662/938/427 661/939/427
f 661/939/428 662/938/428 658/940/428 657/941/428
f 659/942/429 663/937/429 661/939/429 657/943/429
f 664/936/430 660/944/430 658/945/430 662/938/430
f 665/932/425 666/933/425 668/934/425 667/935/425
f 667/935/426 668/934/426 672/936/426 671/937/426
f 671/937/427 672/936/427 670/938/427 669/939/427
f 669/939/428 670/938/428 666/940/428 665/941/428
f 667/942/429 671/937/429 669/939/429 665/943/429
f 672/936/430 668/944/430 666/945/430 670/938/430
f 673/932/425 674/933/425 676/934/425 675/935/425
f 675/935/426 676/934/426 680/936/426 679/937/426
f 679/937/427 680/936/427 678/938/427 677/939/427
f 677/939/428 678/938/428 674/940/428 673/941/428
f 675/942/429 679/937/429 677/939/429 673/943/429
f 680/936/430 676/944/430 674/945/430 678/938/430
f 681/932/425 682/933/425 684/934/425 683/935/425
f 683/935/426 684/934/426 688/936/426 687/937/426
f 687/937/427 688/936/427 686/938/427 685/939/427
f 685/939/428 686/938/428 682/940/428 681/941/428
f 683/942/429 687/937/429 685/939/429 681/943/429
f 688/936/430 684/944/430 682/945/430 686/938/430
f 689/946/437 692/947/437 690/948/437
f 689/949/438 690/950/438 691/951/438
f 690/948/439 692/947/439 691/952/439
f 691/952/440 692/947/440 689/946/440
f 693/946/437 696/947/437 694/948/437
f 693/949/438 694/950/438 695/951/438
f 694/948/439 696/947/439 695/952/439
f 695/952/440 696/947/440 693/946/440
f 697/946/437 700/947/437 698/948/437
f 697/949/438 698/950/438 699/951/438
f 698/948/439 700/947/439 699/952/439
f 699/952/440 700/947/440 697/946/440
f 701/946/441 704/947/441 702/948/441
f 701/949/438 702/950/438 703/951/438
f 702/948/442 704/947/442 703/952/442
f 703/952/443 704/947/443 701/946/443
f 705/946/444 708/947/444 706/948/444
f 705/949/438 706/950/438 707/951/438
f 706/948/445 708/947/445 707/952/445
f 707/952/446 708/947/446 705/946/446
f 709/946/447 712/947/447 710/948/447
f 709/949/438 710/950/438 711/951/438
f 710/948/448 712/947/448 711/952/448
f 711/952/449 712/947/449 709/946/449
f 713/946/437 716/947/437 714/948/437
f 713/949/438 714/950/438 715/951/438
f 714/948/439 716/947/439 715/952/439
f 715/952/440 716/947/440 713/946/440
f 717/946/450 720/947/450 718/948/450
f 717/949/438 718/950/438 719/951/438
f 718/948/451 720/947/451 719/952/451
f 719/952/452 720/947/452 717/946/452
f 721/946/447 724/947/447 722/948/447
f 721/949/438 722/950/438 723/951/438
f 722/948/448 724/947/448 723/952/448
f 723/952/449 724/947/449 721/946/449
f 725/946/437 728/947/437 726/948/437
f 725/949/438 726/950/438 727/951/438
f 726/948/439 728/947/439 727/952/439
f 727/952/440 728/947/440 725/946/440
f 729/946/444 732/947/444 730/948/444
f 729/949/438 730/950/438 731/951/438
f 730/948/445 732/947/445 731/952/445
f 731/952/446 732/947/446 729/946/446
f 733/946/441 736/947/441 734/948/441
f 733/949/438 734/950/438 735/951/438
f 734/948/442 736/947/442 735/952/442
f 735/952/443 736/947/443 733/946/443
f 737/946/437 740/947/437 738/948/437
f 737/949/438 738/950/438 739/951/438
f 738/948/439 740/947/439 739/952/439
f 739/952/440 740/947/440 737/946/440
f 741/946/437 744/947/437 742/948/437
f 741/949/438 742/950/438 743/951/438
f 742/948/439 744/947/439 743/952/439
f 743/952/440 744/947/440 741/946/440
f 745/946/437 748/947/437 746/948/437
f 745/949/438 746/950/438 747/951/438
f 746/948/439 748/947/439 747/952/439
f 747/952/440 748/947/440 745/946/440
o Cube.070
v -0.193625 0.122131 0.105475
v -0.193625 0.122131 0.114464
v -0.193625 0.163601 0.105475
v -0.193625 0.163601 0.114464
v 0.203215 0.122131 0.105475
v 0.203215 0.122131 0.114463
v 0.203215 0.163601 0.105475
v 0.203215 0.163601 0.114463
v -0.193625 0.161624 0.105475
v -0.193625 0.161624 0.114464
v -0.193625 0.203094 0.105475
v -0.193625 0.203094 0.114464
v 0.203215 0.161624 0.105475
v 0.203215 0.161624 0.114463
v 0.203215 0.203094 0.105475
v 0.203215 0.203094 0.114464
v -0.193582 0.202129 0.105983
v -0.193552 0.202062 0.114972
v -0.193699 0.243598 0.106292
v -0.193669 0.243531 0.115281
v 0.203259 0.203257 0.104658
v 0.203289 0.203190 0.113646
v 0.203142 0.244726 0.104967
v 0.203172 0.244659 0.113955
v -0.193582 0.242578 0.105983
v -0.193552 0.242511 0.114972
v -0.193699 0.284046 0.106292
v -0.193669 0.283979 0.115281
v 0.203259 0.243706 0.104658
v 0.203289 0.243639 0.113646
v 0.203142 0.285174 0.104967
v 0.203172 0.285107 0.113955
v -0.807668 0.244552 0.106351
v -0.807638 0.244485 0.115339
v -0.807785 0.286020 0.106660
v -0.807754 0.285954 0.115649
v -0.190516 0.246306 0.104290
v -0.190486 0.246239 0.113278
v -0.190633 0.287775 0.104599
v -0.190603 0.287708 0.113587
v -0.807668 0.204103 0.106351
v -0.807638 0.204036 0.115339
v -0.807785 0.245572 0.106660
v -0.807754 0.245505 0.115649
v -0.190516 0.205857 0.104290
v -0.190486 0.205790 0.113278
v -0.190633 0.247326 0.104599
v -0.190603 0.247259 0.113587
v -0.807714 0.163911 0.105475
v -0.807714 0.163911 0.114464
v -0.807714 0.205381 0.105475
v -0.807714 0.205381 0.114464
v -0.190557 0.163911 0.105475
v -0.190557 0.163911 0.114463
v -0.190557 0.205381 0.105475
v -0.190557 0.205381 0.114463
v -0.807714 0.124418 0.105475
v -0.807714 0.124418 0.114464
v -0.807714 0.165888 0.105475
v -0.807714 0.165888 0.114464
v -0.190557 0.124418 0.105475
v -0.190557 0.124418 0.114463
v -0.190557 0.165888 0.105475
v -0.190557 0.165888 0.114463
v -0.807714 0.087838 0.105475
v -0.807714 0.087838 0.114464
v -0.807714 0.129309 0.105475
v -0.807714 0.129309 0.114464
v -0.190557 0.087838 0.105475
v -0.190557 0.087838 0.114463
v -0.190557 0.129309 0.105475
v -0.190557 0.129309 0.114463
v -0.807714 0.049256 0.105475
v -0.807714 0.049256 0.114464
v -0.807714 0.090726 0.105475
v -0.807714 0.090726 0.114464
v -0.190557 0.049256 0.105475
v -0.190557 0.049256 0.114463
v -0.190557 0.090726 0.105475
v -0.190557 0.090726 0.114463
v -0.118028 0.264720 0.095447
v -0.042171 0.259958 0.062983
v -0.193886 0.259958 0.062983
v -0.118028 -0.129717 0.131201
v -0.178933 0.192483 0.095447
v -0.103076 0.187721 0.062983
v -0.254791 0.187721 0.062983
v -0.178933 -0.201954 0.131201
v -0.255228 0.140871 0.095447
v -0.179370 0.136109 0.062983
v -0.331086 0.136109 0.062983
v -0.255228 -0.253566 0.131201
v 0.084560 0.292057 0.086977
v 0.160418 0.286951 0.052171
v 0.008702 0.286951 0.052171
v 0.084560 -0.239372 0.141233
v 0.038745 0.245483 0.093493
v 0.114603 0.241163 0.064042
v -0.037113 0.241163 0.064042
v 0.038745 -0.147913 0.131147
v -0.047874 0.186333 0.095102
v 0.036415 0.181197 0.060090
v -0.132164 0.181197 0.060090
v -0.047874 -0.211265 0.129585
v -0.319223 0.140871 0.095447
v -0.243365 0.136109 0.062983
v -0.395081 0.136109 0.062983
v -0.319223 -0.253566 0.131201
v -0.355423 0.163767 0.093783
v -0.279565 0.159381 0.063885
v -0.431281 0.159381 0.063885
v -0.355423 -0.229779 0.131154
v -0.665543 0.103758 0.095102
v -0.581254 0.098622 0.060090
v -0.749833 0.098622 0.060090
v -0.665543 -0.293840 0.129585
v -0.621105 0.140871 0.095447
v -0.545248 0.136109 0.062983
v -0.696963 0.136109 0.062983
v -0.621105 -0.253566 0.131201
v -0.578924 0.162908 0.093493
v -0.503067 0.158588 0.064042
v -0.654782 0.158588 0.064042
v -0.578924 -0.230488 0.131147
v -0.533109 0.209482 0.086977
v -0.457251 0.204376 0.052171
v -0.608967 0.204376 0.052171
v -0.533109 -0.321947 0.141233
v -0.494949 0.140871 0.095447
v -0.419092 0.136109 0.062983
v -0.570807 0.136109 0.062983
v -0.494949 -0.253566 0.131201
v -0.450822 0.109371 0.095447
v -0.374964 0.104608 0.062983
v -0.526680 0.104608 0.062983
v -0.450822 -0.285066 0.131201
v -0.406257 0.140871 0.095447
v -0.330399 0.136109 0.062983
v -0.482114 0.136109 0.062983
v -0.406256 -0.253566 0.131201
vn -1.0000 -0.0000 -0.0000
vn -0.0000 1.0000 -0.0000
vn 1.0000 -0.0000 -0.0000
vn -0.0000 -1.0000 -0.0000
vn -0.0000 -0.0000 -1.0000
vn -0.0000 -0.0000 1.0000
vn -1.0000 -0.0028 0.0033
vn -0.0028 1.0000 0.0075
vn 1.0000 0.0028 -0.0033
vn 0.0028 -1.0000 -0.0075
vn -0.0034 0.0074 -1.0000
vn 0.0034 -0.0074 1.0000
vn 0.3965 0.0829 0.9143
vn -0.0000 0.9894 -0.1451
vn -0.0000 -0.1724 -0.9850
vn -0.3965 0.0829 0.9143
vn 0.4204 0.0922 0.9027
vn -0.0000 -0.1668 -0.9860
vn -0.4204 0.0922 0.9027
vn 0.3649 0.0887 0.9268
vn -0.0000 -0.1700 -0.9855
vn -0.3649 0.0887 0.9268
vn 0.3865 0.0797 0.9188
vn -0.0000 -0.1744 -0.9847
vn -0.3865 0.0797 0.9188
vn 0.3697 0.0878 0.9250
vn -0.0000 -0.1703 -0.9854
vn -0.3696 0.0878 0.9250
vt 0.375000 0.000000
vt 0.625000 0.000000
vt 0.625000 0.250000
vt 0.375000 0.250000
vt 0.625000 0.500000
vt 0.375000 0.500000
vt 0.625000 0.750000
vt 0.375000 0.750000
vt 0.625000 1.000000
vt 0.375000 1.000000
vt 0.125000 0.500000
vt 0.125000 0.750000
vt 0.875000 0.500000
vt 0.875000 0.750000
vt 0.250000 0.490000
vt 0.250000 0.250000
vt 0.457846 0.130000
vt 0.750000 0.490000
vt 0.957846 0.130000
vt 0.542154 0.130000
vt 0.042154 0.130000
s 0
f 749/953/453 750/954/453 752/955/453 751/956/453
f 751/956/454 752/955/454 756/957/454 755/958/454
f 755/958/455 756/957/455 754/959/455 753/960/455
f 753/960/456 754/959/456 750/961/456 749/962/456
f 751/963/457 755/958/457 753/960/457 749/964/457
f 756/957/458 752/965/458 750/966/458 754/959/458
f 757/953/453 758/954/453 760/955/453 759/956/453
f 759/956/454 760/955/454 764/957/454 763/958/454
f 763/958/455 764/957/455 762/959/455 761/960/455
f 761/960/456 762/959/456 758/961/456 757/962/456
f 759/963/457 763/958/457 761/960/457 757/964/457
f 764/957/458 760/965/458 758/966/458 762/959/458
f 765/953/459 766/954/459 768/955/459 767/956/459
f 767/956/460 768/955/460 772/957/460 771/958/460
f 771/958/461 772/957/461 770/959/461 769/960/461
f 769/960/462 770/959/462 766/961/462 765/962/462
f 767/963/463 771/958/463 769/960/463 765/964/463
f 772/957/464 768/965/464 766/966/464 770/959/464
f 773/953/459 774/954/459 776/955/459 775/956/459
f 775/956/460 776/955/460 780/957/460 779/958/460
f 779/958/461 780/957/461 778/959/461 777/960/461
f 777/960/462 778/959/462 774/961/462 773/962/462
f 775/963/463 779/958/463 777/960/463 773/964/463
f 780/957/464 776/965/464 774/966/464 778/959/464
f 781/953/459 782/954/459 784/955/459 783/956/459
f 783/956/460 784/955/460 788/957/460 787/958/460
f 787/958/461 788/957/461 786/959/461 785/960/461
f 785/960/462 786/959/462 782/961/462 781/962/462
f 783/963/463 787/958/463 785/960/463 781/964/463
f 788/957/464 784/965/464 782/966/464 786/959/464
f 789/953/459 790/954/459 792/955/459 791/956/459
f 791/956/460 792/955/460 796/957/460 795/958/460
f 795/958/461 796/957/461 794/959/461 793/960/461
f 793/960/462 794/959/462 790/961/462 789/962/462
f 791/963/463 795/958/463 793/960/463 789/964/463
f 796/957/464 792/965/464 790/966/464 794/959/464
f 797/953/453 798/954/453 800/955/453 799/956/453
f 799/956/454 800/955/454 804/957/454 803/958/454
f 803/958/455 804/957/455 802/959/455 801/960/455
f 801/960/456 802/959/456 798/961/456 797/962/456
f 799/963/457 803/958/457 801/960/457 797/964/457
f 804/957/458 800/965/458 798/966/458 802/959/458
f 805/953/453 806/954/453 808/955/453 807/956/453
f 807/956/454 808/955/454 812/957/454 811/958/454
f 811/958/455 812/957/455 810/959/455 809/960/455
f 809/960/456 810/959/456 806/961/456 805/962/456
f 807/963/457 811/958/457 809/960/457 805/964/457
f 812/957/458 808/965/458 806/966/458 810/959/458
f 813/953/453 814/954/453 816/955/453 815/956/453
f 815/956/454 816/955/454 820/957/454 819/958/454
f 819/958/455 820/957/455 818/959/455 817/960/455
f 817/960/456 818/959/456 814/961/456 813/962/456
f 815/963/457 819/958/457 817/960/457 813/964/457
f 820/957/458 816/965/458 814/966/458 818/959/458
f 821/953/453 822/954/453 824/955/453 823/956/453
f 823/956/454 824/955/454 828/957/454 827/958/454
f 827/958/455 828/957/455 826/959/455 825/960/455
f 825/960/456 826/959/456 822/961/456 821/962/456
f 823/963/457 827/958/457 825/960/457 821/964/457
f 828/957/458 824/965/458 822/966/458 826/959/458
f 829/967/465 832/968/465 830/969/465
f 829/970/466 830/971/466 831/972/466
f 830/969/467 832/968/467 831/973/467
f 831/973/468 832/968/468 829/967/468
f 833/967/465 836/968/465 834/969/465
f 833/970/466 834/971/466 835/972/466
f 834/969/467 836/968/467 835/973/467
f 835/973/468 836/968/468 833/967/468
f 837/967/465 840/968/465 838/969/465
f 837/970/466 838/971/466 839/972/466
f 838/969/467 840/968/467 839/973/467
f 839/973/468 840/968/468 837/967/468
f 841/967/469 844/968/469 842/969/469
f 841/970/466 842/971/466 843/972/466
f 842/969/470 844/968/470 843/973/470
f 843/973/471 844/968/471 841/967/471
f 845/967/472 848/968/472 846/969/472
f 845/970/466 846/971/466 847/972/466
f 846/969/473 848/968/473 847/973/473
f 847/973/474 848/968/474 845/967/474
f 849/967/475 852/968/475 850/969/475
f 849/970/466 850/971/466 851/972/466
f 850/969/476 852/968/476 851/973/476
f 851/973/477 852/968/477 849/967/477
f 853/967/465 856/968/465 854/969/465
f 853/970/466 854/971/466 855/972/466
f 854/969/467 856/968/467 855/973/467
f 855/973/468 856/968/468 853/967/468
f 857/967/478 860/968/478 858/969/478
f 857/970/466 858/971/466 859/972/466
f 858/969/479 860/968/479 859/973/479
f 859/973/480 860/968/480 857/967/480
f 861/967/475 864/968/475 862/969/475
f 861/970/466 862/971/466 863/972/466
f 862/969/476 864/968/476 863/973/476
f 863/973/477 864/968/477 861/967/477
f 865/967/465 868/968/465 866/969/465
f 865/970/466 866/971/466 867/972/466
f 866/969/467 868/968/467 867/973/467
f 867/973/468 868/968/468 865/967/468
f 869/967/472 872/968/472 870/969/472
f 869/970/466 870/971/466 871/972/466
f 870/969/473 872/968/473 871/973/473
f 871/973/474 872/968/474 869/967/474
f 873/967/469 876/968/469 874/969/469
f 873/970/466 874/971/466 875/972/466
f 874/969/470 876/968/470 875/973/470
f 875/973/471 876/968/471 873/967/471
f 877/967/465 880/968/465 878/969/465
f 877/970/466 878/971/466 879/972/466
f 878/969/467 880/968/467 879/973/467
f 879/973/468 880/968/468 877/967/468
f 881/967/465 884/968/465 882/969/465
f 881/970/466 882/971/466 883/972/466
f 882/969/467 884/968/467 883/973/467
f 883/973/468 884/968/468 881/967/468
f 885/967/465 888/968/465 886/969/465
f 885/970/466 886/971/466 887/972/466
f 886/969/467 888/968/467 887/973/467
f 887/973/468 888/968/468 885/967/468
o Cone.001
v -0.252003 0.140871 -0.123271
v -0.327861 0.136109 -0.090807
v -0.176145 0.136109 -0.090807
v -0.252003 -0.253566 -0.159025
v -0.403031 0.140871 -0.123271
v -0.478889 0.136109 -0.090807
v -0.327173 0.136109 -0.090807
v -0.403031 -0.253566 -0.159025
v -0.447597 0.109371 -0.123271
v -0.523455 0.104608 -0.090807
v -0.371739 0.104608 -0.090807
v -0.447597 -0.285066 -0.159025
v -0.491724 0.140871 -0.123271
v -0.567582 0.136109 -0.090807
v -0.415866 0.136109 -0.090807
v -0.491724 -0.253566 -0.159025
v -0.529884 0.209482 -0.114801
v -0.605741 0.204376 -0.079995
v -0.454026 0.204376 -0.079995
v -0.529884 -0.321947 -0.169057
v -0.575699 0.162908 -0.121317
v -0.651557 0.158588 -0.091866
v -0.499841 0.158588 -0.091866
v -0.575699 -0.230488 -0.158970
v -0.617880 0.140871 -0.123271
v -0.693738 0.136109 -0.090807
v -0.542022 0.136109 -0.090807
v -0.617880 -0.253566 -0.159025
v -0.662318 0.103758 -0.126586
v -0.746607 0.098622 -0.091574
v -0.578029 0.098622 -0.091574
v -0.662318 -0.293839 -0.161069
v -0.352198 0.163767 -0.121607
v -0.428056 0.159381 -0.091709
v -0.276340 0.159381 -0.091709
v -0.352198 -0.229779 -0.158978
v -0.315997 0.140871 -0.123271
v -0.391855 0.136109 -0.090807
v -0.240140 0.136109 -0.090807
v -0.315998 -0.253566 -0.159025
v -0.187331 0.049256 -0.118366
v -0.187331 0.049256 -0.127355
v -0.187331 0.090726 -0.118366
v -0.187331 0.090726 -0.127355
v -0.804489 0.049256 -0.118366
v -0.804489 0.049256 -0.127355
v -0.804489 0.090726 -0.118366
v -0.804489 0.090726 -0.127355
v -0.187331 0.087838 -0.118366
v -0.187331 0.087838 -0.127355
v -0.187331 0.129309 -0.118366
v -0.187331 0.129309 -0.127355
v -0.804489 0.087838 -0.118366
v -0.804489 0.087838 -0.127355
v -0.804489 0.129309 -0.118366
v -0.804489 0.129309 -0.127355
v -0.187331 0.124418 -0.118366
v -0.187331 0.124418 -0.127355
v -0.187331 0.165888 -0.118366
v -0.187331 0.165888 -0.127355
v -0.804489 0.124418 -0.118366
v -0.804489 0.124418 -0.127355
v -0.804489 0.165888 -0.118366
v -0.804489 0.165888 -0.127355
v -0.187331 0.163911 -0.118366
v -0.187331 0.163911 -0.127355
v -0.187331 0.205381 -0.118366
v -0.187331 0.205381 -0.127355
v -0.804489 0.163911 -0.118366
v -0.804489 0.163911 -0.127355
v -0.804489 0.205381 -0.118366
v -0.804489 0.205381 -0.127355
v -0.187378 0.204103 -0.119242
v -0.187408 0.204036 -0.128231
v -0.187261 0.245572 -0.119551
v -0.187291 0.245505 -0.128540
v -0.804529 0.205857 -0.117181
v -0.804559 0.205790 -0.126169
v -0.804412 0.247326 -0.117490
v -0.804443 0.247259 -0.126478
v -0.187378 0.244552 -0.119242
v -0.187408 0.244485 -0.128231
v -0.187261 0.286020 -0.119551
v -0.187291 0.285954 -0.128540
v -0.804529 0.246306 -0.117181
v -0.804559 0.246239 -0.126169
v -0.804412 0.287775 -0.117490
v -0.804443 0.287708 -0.126478
vn -0.3965 0.0829 -0.9143
vn -0.0000 0.9894 0.1451
vn -0.0000 -0.1724 0.9850
vn 0.3965 0.0829 -0.9143
vn -0.4204 0.0922 -0.9027
vn -0.0000 -0.1668 0.9860
vn 0.4204 0.0922 -0.9027
vn -0.3649 0.0887 -0.9268
vn -0.0000 -0.1700 0.9855
vn 0.3649 0.0887 -0.9268
vn -0.3865 0.0797 -0.9188
vn -0.0000 -0.1744 0.9847
vn 0.3865 0.0797 -0.9188
vn -0.3697 0.0878 -0.9250
vn -0.0000 -0.1703 0.9854
vn 0.3696 0.0878 -0.9250
vn 1.0000 -0.0000 -0.0000
vn -0.0000 1.0000 -0.0000
vn -1.0000 -0.0000 -0.0000
vn -0.0000 -1.0000 -0.0000
vn -0.0000 -0.0000 1.0000
vn -0.0000 -0.0000 -1.0000
vn 1.0000 -0.0028 -0.0033
vn 0.0028 1.0000 -0.0075
vn -1.0000 0.0028 0.0033
vn -0.0028 -1.0000 0.0075
vn 0.0034 0.0074 1.0000
vn -0.0034 -0.0074 -1.0000
vt 0.250000 0.490000
vt 0.250000 0.250000
vt 0.457846 0.130000
vt 0.750000 0.490000
vt 0.957846 0.130000
vt 0.542154 0.130000
vt 0.042154 0.130000
vt 0.375000 0.000000
vt 0.625000 0.000000
vt 0.625000 0.250000
vt 0.375000 0.250000
vt 0.625000 0.500000
vt 0.375000 0.500000
vt 0.625000 0.750000
vt 0.375000 0.750000
vt 0.625000 1.000000
vt 0.375000 1.000000
vt 0.125000 0.500000
vt 0.125000 0.750000
vt 0.875000 0.500000
vt 0.875000 0.750000
s 0
f 889/974/481 892/975/481 890/976/481
f 889/977/482 890/978/482 891/979/482
f 890/976/483 892/975/483 891/980/483
f 891/980/484 892/975/484 889/974/484
f 893/974/481 896/975/481 894/976/481
f 893/977/482 894/978/482 895/979/482
f 894/976/483 896/975/483 895/980/483
f 895/980/484 896/975/484 893/974/484
f 897/974/481 900/975/481 898/976/481
f 897/977/482 898/978/482 899/979/482
f 898/976/483 900/975/483 899/980/483
f 899/980/484 900/975/484 897/974/484
f 901/974/481 904/975/481 902/976/481
f 901/977/482 902/978/482 903/979/482
f 902/976/483 904/975/483 903/980/483
f 903/980/484 904/975/484 901/974/484
f 905/974/485 908/975/485 906/976/485
f 905/977/482 906/978/482 907/979/482
f 906/976/486 908/975/486 907/980/486
f 907/980/487 908/975/487 905/974/487
f 909/974/488 912/975/488 910/976/488
f 909/977/482 910/978/482 911/979/482
f 910/976/489 912/975/489 911/980/489
f 911/980/490 912/975/490 909/974/490
f 913/974/481 916/975/481 914/976/481
f 913/977/482 914/978/482 915/979/482
f 914/976/483 916/975/483 915/980/483
f 915/980/484 916/975/484 913/974/484
f 917/974/491 920/975/491 918/976/491
f 917/977/482 918/978/482 919/979/482
f 918/976/492 920/975/492 919/980/492
f 919/980/493 920/975/493 917/974/493
f 921/974/494 924/975/494 922/976/494
f 921/977/482 922/978/482 923/979/482
f 922/976/495 924/975/495 923/980/495
f 923/980/496 924/975/496 921/974/496
f 925/974/481 928/975/481 926/976/481
f 925/977/482 926/978/482 927/979/482
f 926/976/483 928/975/483 927/980/483
f 927/980/484 928/975/484 925/974/484
f 929/981/497 930/982/497 932/983/497 931/984/497
f 931/984/498 932/983/498 936/985/498 935/986/498
f 935/986/499 936/985/499 934/987/499 933/988/499
f 933/988/500 934/987/500 930/989/500 929/990/500
f 931/991/501 935/986/501 933/988/501 929/992/501
f 936/985/502 932/993/502 930/994/502 934/987/502
f 937/981/497 938/982/497 940/983/497 939/984/497
f 939/984/498 940/983/498 944/985/498 943/986/498
f 943/986/499 944/985/499 942/987/499 941/988/499
f 941/988/500 942/987/500 938/989/500 937/990/500
f 939/991/501 943/986/501 941/988/501 937/992/501
f 944/985/502 940/993/502 938/994/502 942/987/502
f 945/981/497 946/982/497 948/983/497 947/984/497
f 947/984/498 948/983/498 952/985/498 951/986/498
f 951/986/499 952/985/499 950/987/499 949/988/499
f 949/988/500 950/987/500 946/989/500 945/990/500
f 947/991/501 951/986/501 949/988/501 945/992/501
f 952/985/502 948/993/502 946/994/502 950/987/502
f 953/981/497 954/982/497 956/983/497 955/984/497
f 955/984/498 956/983/498 960/985/498 959/986/498
f 959/986/499 960/985/499 958/987/499 957/988/499
f 957/988/500 958/987/500 954/989/500 953/990/500
f 955/991/501 959/986/501 957/988/501 953/992/501
f 960/985/502 956/993/502 954/994/502 958/987/502
f 961/981/503 962/982/503 964/983/503 963/984/503
f 963/984/504 964/983/504 968/985/504 967/986/504
f 967/986/505 968/985/505 966/987/505 965/988/505
f 965/988/506 966/987/506 962/989/506 961/990/506
f 963/991/507 967/986/507 965/988/507 961/992/507
f 968/985/508 964/993/508 962/994/508 966/987/508
f 969/981/503 970/982/503 972/983/503 971/984/503
f 971/984/504 972/983/504 976/985/504 975/986/504
f 975/986/505 976/985/505 974/987/505 973/988/505
f 973/988/506 974/987/506 970/989/506 969/990/506
f 971/991/507 975/986/507 973/988/507 969/992/507
f 976/985/508 972/993/508 970/994/508 974/987/508
o Cone.002
v -0.171105 0.223446 -0.123271
v -0.246963 0.218684 -0.090807
v -0.095247 0.218684 -0.090807
v -0.171105 -0.170991 -0.159025
vn -0.3965 0.0829 -0.9143
vn -0.0000 0.9894 0.1451
vn -0.0000 -0.1724 0.9850
vn 0.3965 0.0829 -0.9143
vt 0.250000 0.490000
vt 0.250000 0.250000
vt 0.457846 0.130000
vt 0.750000 0.490000
vt 0.957846 0.130000
vt 0.542154 0.130000
vt 0.042154 0.130000
s 0
f 977/995/509 980/996/509 978/997/509
f 977/998/510 978/999/510 979/1000/510
f 978/997/511 980/996/511 979/1001/511
f 979/1001/512 980/996/512 977/995/512
o Cube.001
v -0.787310 0.078805 0.108626
v -0.788536 0.077307 -0.125399
v -0.772485 0.132464 0.108205
v -0.773710 0.130966 -0.125820
v -1.169979 0.184544 0.109953
v -1.171204 0.183046 -0.124072
v -1.155153 0.238203 0.109532
v -1.156379 0.236705 -0.124493
vn 0.9639 -0.2663 -0.0033
vn 0.2663 0.9639 -0.0076
vn -0.9639 0.2663 0.0033
vn -0.2663 -0.9639 0.0076
vn 0.0052 0.0064 1.0000
vn -0.0052 -0.0064 -1.0000
vt 0.375000 0.000000
vt 0.625000 0.000000
vt 0.625000 0.250000
vt 0.375000 0.250000
vt 0.625000 0.500000
vt 0.375000 0.500000
vt 0.625000 0.750000
vt 0.375000 0.750000
vt 0.625000 1.000000
vt 0.375000 1.000000
vt 0.125000 0.500000
vt 0.125000 0.750000
vt 0.875000 0.500000
vt 0.875000 0.750000
s 0
f 981/1002/513 982/1003/513 984/1004/513 983/1005/513
f 983/1005/514 984/1004/514 988/1006/514 987/1007/514
f 987/1007/515 988/1006/515 986/1008/515 985/1009/515
f 985/1009/516 986/1008/516 982/1010/516 981/1011/516
f 983/1012/517 987/1007/517 985/1009/517 981/1013/517
f 988/1006/518 984/1014/518 982/1015/518 986/1008/518
o Cube.002
v -0.455944 0.110533 0.108626
v -0.456673 0.108740 -0.125399
v -0.457610 0.166178 0.108205
v -0.458339 0.164385 -0.125820
v -0.852775 0.098661 0.109953
v -0.853504 0.096868 -0.124072
v -0.854442 0.154305 0.109532
v -0.855171 0.152513 -0.124493
vn 0.9995 0.0299 -0.0033
vn -0.0299 0.9995 -0.0076
vn -0.9995 -0.0299 0.0033
vn 0.0299 -0.9995 0.0076
vn 0.0031 0.0077 1.0000
vn -0.0031 -0.0077 -1.0000
vt 0.375000 0.000000
vt 0.625000 0.000000
vt 0.625000 0.250000
vt 0.375000 0.250000
vt 0.625000 0.500000
vt 0.375000 0.500000
vt 0.625000 0.750000
vt 0.375000 0.750000
vt 0.625000 1.000000
vt 0.375000 1.000000
vt 0.125000 0.500000
vt 0.125000 0.750000
vt 0.875000 0.500000
vt 0.875000 0.750000
s 0
f 989/1016/519 990/1017/519 992/1018/519 991/1019/519
f 991/1019/520 992/1018/520 996/1020/520 995/1021/520
f 995/1021/521 996/1020/521 994/1022/521 993/1023/521
f 993/1023/522 994/1022/522 990/1024/522 989/1025/522
f 991/1026/523 995/1021/523 993/1023/523 989/1027/523
f 996/1020/524 992/1028/524 990/1029/524 994/1022/524
o Cube.003
v -0.464539 0.110533 0.108626
v -0.465268 0.108740 -0.125399
v -0.466205 0.166178 0.108205
v -0.466934 0.164385 -0.125820
v -0.861370 0.098661 0.109953
v -0.862099 0.096868 -0.124072
v -0.863037 0.154305 0.109532
v -0.863766 0.152513 -0.124493
vn 0.9995 0.0299 -0.0033
vn -0.0299 0.9995 -0.0076
vn -0.9995 -0.0299 0.0033
vn 0.0299 -0.9995 0.0076
vn 0.0031 0.0077 1.0000
vn -0.0031 -0.0077 -1.0000
vt 0.375000 0.000000
vt 0.625000 0.000000
vt 0.625000 0.250000
vt 0.375000 0.250000
vt 0.625000 0.500000
vt 0.375000 0.500000
vt 0.625000 0.750000
vt 0.375000 0.750000
vt 0.625000 1.000000
vt 0.375000 1.000000
vt 0.125000 0.500000
vt 0.125000 0.750000
vt 0.875000 0.500000
vt 0.875000 0.750000
s 0
f 997/1030/525 998/1031/525 1000/1032/525 999/1033/525
f 999/1033/526 1000/1032/526 1004/1034/526 1003/1035/526
f 1003/1035/527 1004/1034/527 1002/1036/527 1001/1037/527
f 1001/1037/528 1002/1036/528 998/1038/528 997/1039/528
f 999/1040/529 1003/1035/529 1001/1037/529 997/1041/529
f 1004/1034/530 1000/1042/530 998/1043/530 1002/1036/530
o Cube.004
v -0.562820 0.155825 0.108626
v -0.563549 0.154032 -0.125399
v -0.564486 0.211469 0.108205
v -0.565215 0.209677 -0.125820
v -0.959652 0.143953 0.109953
v -0.960381 0.142160 -0.124072
v -0.961318 0.199597 0.109532
v -0.962047 0.197804 -0.124493
vn 0.9995 0.0299 -0.0033
vn -0.0299 0.9995 -0.0076
vn -0.9995 -0.0299 0.0033
vn 0.0299 -0.9995 0.0076
vn 0.0031 0.0077 1.0000
vn -0.0031 -0.0077 -1.0000
vt 0.375000 0.000000
vt 0.625000 0.000000
vt 0.625000 0.250000
vt 0.375000 0.250000
vt 0.625000 0.500000
vt 0.375000 0.500000
vt 0.625000 0.750000
vt 0.375000 0.750000
vt 0.625000 1.000000
vt 0.375000 1.000000
vt 0.125000 0.500000
vt 0.125000 0.750000
vt 0.875000 0.500000
vt 0.875000 0.750000
s 0
f 1005/1044/531 1006/1045/531 1008/1046/531 1007/1047/531
f 1007/1047/532 1008/1046/532 1012/1048/532 1011/1049/532
f 1011/1049/533 1012/1048/533 1010/1050/533 1009/1051/533
f 1009/1051/534 1010/1050/534 1006/1052/534 1005/1053/534
f 1007/1054/535 1011/1049/535 1009/1051/535 1005/1055/535
f 1012/1048/536 1008/1056/536 1006/1057/536 1010/1050/536
o Cone.003
v 0.965602 0.140871 -0.123271
v 0.889744 0.136109 -0.090807
v 1.041459 0.136109 -0.090807
v 0.965602 -0.253566 -0.159025
v 0.814573 0.140871 -0.123271
v 0.738715 0.136109 -0.090807
v 0.890431 0.136109 -0.090807
v 0.814573 -0.253566 -0.159025
v 0.770007 0.109371 -0.123271
v 0.694149 0.104608 -0.090807
v 0.845865 0.104608 -0.090807
v 0.770007 -0.285066 -0.159025
v 0.725880 0.140871 -0.123271
v 0.650022 0.136109 -0.090807
v 0.801738 0.136109 -0.090807
v 0.725880 -0.253566 -0.159025
v 0.687721 0.209482 -0.114801
v 0.611863 0.204376 -0.079995
v 0.763579 0.204376 -0.079995
v 0.687721 -0.321947 -0.169057
v 0.641905 0.162908 -0.121317
v 0.566047 0.158588 -0.091866
v 0.717763 0.158588 -0.091866
v 0.641905 -0.230488 -0.158970
v 0.599724 0.140871 -0.123271
v 0.523866 0.136109 -0.090807
v 0.675582 0.136109 -0.090807
v 0.599724 -0.253566 -0.159025
v 0.555286 0.103758 -0.126586
v 0.470997 0.098622 -0.091574
v 0.639576 0.098622 -0.091574
v 0.555286 -0.293839 -0.161069
v 0.865406 0.163767 -0.121607
v 0.789549 0.159381 -0.091709
v 0.941264 0.159381 -0.091709
v 0.865406 -0.229779 -0.158978
v 0.901607 0.140871 -0.123271
v 0.825749 0.136109 -0.090807
v 0.977465 0.136109 -0.090807
v 0.901607 -0.253566 -0.159025
v 1.030273 0.049256 -0.118366
v 1.030273 0.049256 -0.127355
v 1.030273 0.090726 -0.118366
v 1.030273 0.090726 -0.127355
v 0.413115 0.049256 -0.118366
v 0.413115 0.049256 -0.127355
v 0.413115 0.090726 -0.118366
v 0.413115 0.090726 -0.127355
v 1.030273 0.087838 -0.118366
v 1.030273 0.087838 -0.127355
v 1.030273 0.129309 -0.118366
v 1.030273 0.129309 -0.127355
v 0.413115 0.087838 -0.118366
v 0.413115 0.087838 -0.127355
v 0.413115 0.129309 -0.118366
v 0.413115 0.129309 -0.127355
v 1.030273 0.124418 -0.118366
v 1.030273 0.124418 -0.127355
v 1.030273 0.165888 -0.118366
v 1.030273 0.165888 -0.127355
v 0.413115 0.124418 -0.118366
v 0.413115 0.124418 -0.127355
v 0.413115 0.165888 -0.118366
v 0.413115 0.165888 -0.127355
v 1.030273 0.163911 -0.118366
v 1.030273 0.163911 -0.127355
v 1.030273 0.205381 -0.118366
v 1.030273 0.205381 -0.127355
v 0.413115 0.163911 -0.118366
v 0.413115 0.163911 -0.127355
v 0.413115 0.205381 -0.118366
v 0.413115 0.205381 -0.127355
v 1.030227 0.204103 -0.119242
v 1.030196 0.204036 -0.128231
v 1.030344 0.245572 -0.119551
v 1.030313 0.245505 -0.128540
v 0.413075 0.205857 -0.117181
v 0.413045 0.205790 -0.126169
v 0.413192 0.247326 -0.117490
v 0.413162 0.247259 -0.126478
v 1.030227 0.244552 -0.119242
v 1.030196 0.244485 -0.128231
v 1.030344 0.286020 -0.119551
v 1.030313 0.285954 -0.128540
v 0.413075 0.246306 -0.117181
v 0.413045 0.246239 -0.126169
v 0.413192 0.287775 -0.117490
v 0.413162 0.287708 -0.126478
vn -0.3965 0.0829 -0.9143
vn -0.0000 0.9894 0.1451
vn -0.0000 -0.1724 0.9850
vn 0.3965 0.0829 -0.9143
vn -0.4204 0.0922 -0.9027
vn -0.0000 -0.1668 0.9860
vn 0.4204 0.0922 -0.9027
vn -0.3649 0.0887 -0.9268
vn -0.0000 -0.1700 0.9855
vn 0.3649 0.0887 -0.9268
vn -0.3865 0.0797 -0.9188
vn -0.0000 -0.1744 0.9847
vn 0.3865 0.0797 -0.9188
vn -0.3697 0.0878 -0.9250
vn -0.0000 -0.1703 0.9854
vn 0.3696 0.0878 -0.9250
vn 1.0000 -0.0000 -0.0000
vn -0.0000 1.0000 -0.0000
vn -1.0000 -0.0000 -0.0000
vn -0.0000 -1.0000 -0.0000
vn -0.0000 -0.0000 1.0000
vn -0.0000 -0.0000 -1.0000
vn 1.0000 -0.0028 -0.0033
vn 0.0028 1.0000 -0.0075
vn -1.0000 0.0028 0.0033
vn -0.0028 -1.0000 0.0075
vn 0.0034 0.0074 1.0000
vn -0.0034 -0.0074 -1.0000
vt 0.250000 0.490000
vt 0.250000 0.250000
vt 0.457846 0.130000
vt 0.750000 0.490000
vt 0.957846 0.130000
vt 0.542154 0.130000
vt 0.042154 0.130000
vt 0.375000 0.000000
vt 0.625000 0.000000
vt 0.625000 0.250000
vt 0.375000 0.250000
vt 0.625000 0.500000
vt 0.375000 0.500000
vt 0.625000 0.750000
vt 0.375000 0.750000
vt 0.625000 1.000000
vt 0.375000 1.000000
vt 0.125000 0.500000
vt 0.125000 0.750000
vt 0.875000 0.500000
vt 0.875000 0.750000
s 0
f 1013/1058/537 1016/1059/537 1014/1060/537
f 1013/1061/538 1014/1062/538 1015/1063/538
f 1014/1060/539 1016/1059/539 1015/1064/539
f 1015/1064/540 1016/1059/540 1013/1058/540
f 1017/1058/537 1020/1059/537 1018/1060/537
f 1017/1061/538 1018/1062/538 1019/1063/538
f 1018/1060/539 1020/1059/539 1019/1064/539
f 1019/1064/540 1020/1059/540 1017/1058/540
f 1021/1058/537 1024/1059/537 1022/1060/537
f 1021/1061/538 1022/1062/538 1023/1063/538
f 1022/1060/539 1024/1059/539 1023/1064/539
f 1023/1064/540 1024/1059/540 1021/1058/540
f 1025/1058/537 1028/1059/537 1026/1060/537
f 1025/1061/538 1026/1062/538 1027/1063/538
f 1026/1060/539 1028/1059/539 1027/1064/539
f 1027/1064/540 1028/1059/540 1025/1058/540
f 1029/1058/541 1032/1059/541 1030/1060/541
f 1029/1061/538 1030/1062/538 1031/1063/538
f 1030/1060/542 1032/1059/542 1031/1064/542
f 1031/1064/543 1032/1059/543 1029/1058/543
f 1033/1058/544 1036/1059/544 1034/1060/544
f 1033/1061/538 1034/1062/538 1035/1063/538
f 1034/1060/545 1036/1059/545 1035/1064/545
f 1035/1064/546 1036/1059/546 1033/1058/546
f 1037/1058/537 1040/1059/537 1038/1060/537
f 1037/1061/538 1038/1062/538 1039/1063/538
f 1038/1060/539 1040/1059/539 1039/1064/539
f 1039/1064/540 1040/1059/540 1037/1058/540
f 1041/1058/547 1044/1059/547 1042/1060/547
f 1041/1061/538 1042/1062/538 1043/1063/538
f 1042/1060/548 1044/1059/548 1043/1064/548
f 1043/1064/549 1044/1059/549 1041/1058/549
f 1045/1058/550 1048/1059/550 1046/1060/550
f 1045/1061/538 1046/1062/538 1047/1063/538
f 1046/1060/551 1048/1059/551 1047/1064/551
f 1047/1064/552 1048/1059/552 1045/1058/552
f 1049/1058/537 1052/1059/537 1050/1060/537
f 1049/1061/538 1050/1062/538 1051/1063/538
f 1050/1060/539 1052/1059/539 1051/1064/539
f 1051/1064/540 1052/1059/540 1049/1058/540
f 1053/1065/553 1054/1066/553 1056/1067/553 1055/1068/553
f 1055/1068/554 1056/1067/554 1060/1069/554 1059/1070/554
f 1059/1070/555 1060/1069/555 1058/1071/555 1057/1072/555
f 1057/1072/556 1058/1071/556 1054/1073/556 1053/1074/556
f 1055/1075/557 1059/1070/557 1057/1072/557 1053/1076/557
f 1060/1069/558 1056/1077/558 1054/1078/558 1058/1071/558
f 1061/1065/553 1062/1066/553 1064/1067/553 1063/1068/553
f 1063/1068/554 1064/1067/554 1068/1069/554 1067/1070/554
f 1067/1070/555 1068/1069/555 1066/1071/555 1065/1072/555
f 1065/1072/556 1066/1071/556 1062/1073/556 1061/1074/556
f 1063/1075/557 1067/1070/557 1065/1072/557 1061/1076/557
f 1068/1069/558 1064/1077/558 1062/1078/558 1066/1071/558
f 1069/1065/553 1070/1066/553 1072/1067/553 1071/1068/553
f 1071/1068/554 1072/1067/554 1076/1069/554 1075/1070/554
f 1075/1070/555 1076/1069/555 1074/1071/555 1073/1072/555
f 1073/1072/556 1074/1071/556 1070/1073/556 1069/1074/556
f 1071/1075/557 1075/1070/557 1073/1072/557 1069/1076/557
f 1076/1069/558 1072/1077/558 1070/1078/558 1074/1071/558
f 1077/1065/553 1078/1066/553 1080/1067/553 1079/1068/553
f 1079/1068/554 1080/1067/554 1084/1069/554 1083/1070/554
f 1083/1070/555 1084/1069/555 1082/1071/555 1081/1072/555
f 1081/1072/556 1082/1071/556 1078/1073/556 1077/1074/556
f 1079/1075/557 1083/1070/557 1081/1072/557 1077/1076/557
f 1084/1069/558 1080/1077/558 1078/1078/558 1082/1071/558
f 1085/1065/559 1086/1066/559 1088/1067/559 1087/1068/559
f 1087/1068/560 1088/1067/560 1092/1069/560 1091/1070/560
f 1091/1070/561 1092/1069/561 1090/1071/561 1089/1072/561
f 1089/1072/562 1090/1071/562 1086/1073/562 1085/1074/562
f 1087/1075/563 1091/1070/563 1089/1072/563 1085/1076/563
f 1092/1069/564 1088/1077/564 1086/1078/564 1090/1071/564
f 1093/1065/559 1094/1066/559 1096/1067/559 1095/1068/559
f 1095/1068/560 1096/1067/560 1100/1069/560 1099/1070/560
f 1099/1070/561 1100/1069/561 1098/1071/561 1097/1072/561
f 1097/1072/562 1098/1071/562 1094/1073/562 1093/1074/562
f 1095/1075/563 1099/1070/563 1097/1072/563 1093/1076/563
f 1100/1069/564 1096/1077/564 1094/1078/564 1098/1071/564
o Cube.005
v 0.597141 0.122131 0.105475
v 0.597141 0.122131 0.114464
v 0.597141 0.163601 0.105475
v 0.597141 0.163601 0.114464
v 0.993981 0.122131 0.105475
v 0.993981 0.122131 0.114463
v 0.993981 0.163601 0.105475
v 0.993981 0.163601 0.114463
v 0.597141 0.161624 0.105475
v 0.597141 0.161624 0.114464
v 0.597141 0.203094 0.105475
v 0.597141 0.203094 0.114464
v 0.993981 0.161624 0.105475
v 0.993981 0.161624 0.114463
v 0.993981 0.203094 0.105475
v 0.993981 0.203094 0.114464
v 0.597184 0.202129 0.105983
v 0.597214 0.202062 0.114972
v 0.597067 0.243598 0.106292
v 0.597097 0.243531 0.115281
v 0.994025 0.203257 0.104658
v 0.994055 0.203190 0.113646
v 0.993908 0.244726 0.104967
v 0.993938 0.244659 0.113955
v 0.597184 0.242578 0.105983
v 0.597214 0.242511 0.114972
v 0.597067 0.284046 0.106292
v 0.597097 0.283979 0.115281
v 0.994025 0.243706 0.104658
v 0.994055 0.243639 0.113646
v 0.993908 0.285174 0.104967
v 0.993938 0.285107 0.113955
v -0.016902 0.244552 0.106351
v -0.016872 0.244485 0.115339
v -0.017019 0.286020 0.106660
v -0.016988 0.285954 0.115649
v 0.600250 0.246306 0.104290
v 0.600280 0.246239 0.113278
v 0.600133 0.287775 0.104599
v 0.600163 0.287708 0.113587
v -0.016902 0.204103 0.106351
v -0.016872 0.204036 0.115339
v -0.017019 0.245572 0.106660
v -0.016988 0.245505 0.115649
v 0.600250 0.205857 0.104290
v 0.600280 0.205790 0.113278
v 0.600133 0.247326 0.104599
v 0.600163 0.247259 0.113587
v -0.016948 0.163911 0.105475
v -0.016948 0.163911 0.114464
v -0.016948 0.205381 0.105475
v -0.016948 0.205381 0.114464
v 0.600210 0.163911 0.105475
v 0.600210 0.163911 0.114463
v 0.600210 0.205381 0.105475
v 0.600210 0.205381 0.114463
v -0.016948 0.124418 0.105475
v -0.016948 0.124418 0.114464
v -0.016948 0.165888 0.105475
v -0.016948 0.165888 0.114464
v 0.600210 0.124418 0.105475
v 0.600210 0.124418 0.114463
v 0.600210 0.165888 0.105475
v 0.600210 0.165888 0.114463
v -0.016948 0.087838 0.105475
v -0.016948 0.087838 0.114464
v -0.016948 0.129309 0.105475
v -0.016948 0.129309 0.114464
v 0.600210 0.087838 0.105475
v 0.600210 0.087838 0.114463
v 0.600210 0.129309 0.105475
v 0.600210 0.129309 0.114463
v -0.016948 0.049256 0.105475
v -0.016948 0.049256 0.114464
v -0.016948 0.090726 0.105475
v -0.016948 0.090726 0.114464
v 0.600210 0.049256 0.105475
v 0.600210 0.049256 0.114463
v 0.600210 0.090726 0.105475
v 0.600210 0.090726 0.114463
v 0.672738 0.264720 0.095447
v 0.748596 0.259958 0.062983
v 0.596880 0.259958 0.062983
v 0.672738 -0.129717 0.131201
v 0.611833 0.192483 0.095447
v 0.687690 0.187721 0.062983
v 0.535975 0.187721 0.062983
v 0.611833 -0.201954 0.131201
v 0.535538 0.140871 0.095447
v 0.611396 0.136109 0.062983
v 0.459680 0.136109 0.062983
v 0.535538 -0.253566 0.131201
v 0.875326 0.292057 0.086977
v 0.951184 0.286951 0.052171
v 0.799469 0.286951 0.052171
v 0.875327 -0.239372 0.141233
v 0.829511 0.245483 0.093493
v 0.905369 0.241163 0.064042
v 0.753653 0.241163 0.064042
v 0.829511 -0.147913 0.131147
v 0.742892 0.186333 0.095102
v 0.827181 0.181197 0.060090
v 0.658603 0.181197 0.060090
v 0.742892 -0.211265 0.129585
v 0.471543 0.140871 0.095447
v 0.547401 0.136109 0.062983
v 0.395686 0.136109 0.062983
v 0.471543 -0.253566 0.131201
v 0.435343 0.163767 0.093783
v 0.511201 0.159381 0.063885
v 0.359485 0.159381 0.063885
v 0.435343 -0.229779 0.131154
v 0.125223 0.103758 0.095102
v 0.209512 0.098622 0.060090
v 0.040933 0.098622 0.060090
v 0.125223 -0.293840 0.129585
v 0.169661 0.140871 0.095447
v 0.245518 0.136109 0.062983
v 0.093803 0.136109 0.062983
v 0.169661 -0.253566 0.131201
v 0.211842 0.162908 0.093493
v 0.287700 0.158588 0.064042
v 0.135984 0.158588 0.064042
v 0.211842 -0.230488 0.131147
v 0.257657 0.209482 0.086977
v 0.333515 0.204376 0.052171
v 0.181799 0.204376 0.052171
v 0.257657 -0.321947 0.141233
v 0.295817 0.140871 0.095447
v 0.371675 0.136109 0.062983
v 0.219959 0.136109 0.062983
v 0.295817 -0.253566 0.131201
v 0.339944 0.109371 0.095447
v 0.415802 0.104608 0.062983
v 0.264086 0.104608 0.062983
v 0.339944 -0.285066 0.131201
v 0.384510 0.140871 0.095447
v 0.460367 0.136109 0.062983
v 0.308652 0.136109 0.062983
v 0.384510 -0.253566 0.131201
vn -1.0000 -0.0000 -0.0000
vn -0.0000 1.0000 -0.0000
vn 1.0000 -0.0000 -0.0000
vn -0.0000 -1.0000 -0.0000
vn -0.0000 -0.0000 -1.0000
vn -0.0000 -0.0000 1.0000
vn -1.0000 -0.0028 0.0033
vn -0.0028 1.0000 0.0075
vn 1.0000 0.0028 -0.0033
vn 0.0028 -1.0000 -0.0075
vn -0.0034 0.0074 -1.0000
vn 0.0034 -0.0074 1.0000
vn 0.3965 0.0829 0.9143
vn -0.0000 0.9894 -0.1451
vn -0.0000 -0.1724 -0.9850
vn -0.3965 0.0829 0.9143
vn 0.4204 0.0922 0.9027
vn -0.0000 -0.1668 -0.9860
vn -0.4204 0.0922 0.9027
vn 0.3649 0.0887 0.9268
vn -0.0000 -0.1700 -0.9855
vn -0.3649 0.0887 0.9268
vn 0.3865 0.0797 0.9188
vn -0.0000 -0.1744 -0.9847
vn -0.3865 0.0797 0.9188
vn 0.3697 0.0878 0.9250
vn -0.0000 -0.1703 -0.9854
vn -0.3696 0.0878 0.9250
vt 0.375000 0.000000
vt 0.625000 0.000000
vt 0.625000 0.250000
vt 0.375000 0.250000
vt 0.625000 0.500000
vt 0.375000 0.500000
vt 0.625000 0.750000
vt 0.375000 0.750000
vt 0.625000 1.000000
vt 0.375000 1.000000
vt 0.125000 0.500000
vt 0.125000 0.750000
vt 0.875000 0.500000
vt 0.875000 0.750000
vt 0.250000 0.490000
vt 0.250000 0.250000
vt 0.457846 0.130000
vt 0.750000 0.490000
vt 0.957846 0.130000
vt 0.542154 0.130000
vt 0.042154 0.130000
s 0
f 1101/1079/565 1102/1080/565 1104/1081/565 1103/1082/565
f 1103/1082/566 1104/1081/566 1108/1083/566 1107/1084/566
f 1107/1084/567 1108/1083/567 1106/1085/567 1105/1086/567
f 1105/1086/568 1106/1085/568 1102/1087/568 1101/1088/568
f 1103/1089/569 1107/1084/569 1105/1086/569 1101/1090/569
f 1108/1083/570 1104/1091/570 1102/1092/570 1106/1085/570
f 1109/1079/565 1110/1080/565 1112/1081/565 1111/1082/565
f 1111/1082/566 1112/1081/566 1116/1083/566 1115/1084/566
f 1115/1084/567 1116/1083/567 1114/1085/567 1113/1086/567
f 1113/1086/568 1114/1085/568 1110/1087/568 1109/1088/568
f 1111/1089/569 1115/1084/569 1113/1086/569 1109/1090/569
f 1116/1083/570 1112/1091/570 1110/1092/570 1114/1085/570
f 1117/1079/571 1118/1080/571 1120/1081/571 1119/1082/571
f 1119/1082/572 1120/1081/572 1124/1083/572 1123/1084/572
f 1123/1084/573 1124/1083/573 1122/1085/573 1121/1086/573
f 1121/1086/574 1122/1085/574 1118/1087/574 1117/1088/574
f 1119/1089/575 1123/1084/575 1121/1086/575 1117/1090/575
f 1124/1083/576 1120/1091/576 1118/1092/576 1122/1085/576
f 1125/1079/571 1126/1080/571 1128/1081/571 1127/1082/571
f 1127/1082/572 1128/1081/572 1132/1083/572 1131/1084/572
f 1131/1084/573 1132/1083/573 1130/1085/573 1129/1086/573
f 1129/1086/574 1130/1085/574 1126/1087/574 1125/1088/574
f 1127/1089/575 1131/1084/575 1129/1086/575 1125/1090/575
f 1132/1083/576 1128/1091/576 1126/1092/576 1130/1085/576
f 1133/1079/571 1134/1080/571 1136/1081/571 1135/1082/571
f 1135/1082/572 1136/1081/572 1140/1083/572 1139/1084/572
f 1139/1084/573 1140/1083/573 1138/1085/573 1137/1086/573
f 1137/1086/574 1138/1085/574 1134/1087/574 1133/1088/574
f 1135/1089/575 1139/1084/575 1137/1086/575 1133/1090/575
f 1140/1083/576 1136/1091/576 1134/1092/576 1138/1085/576
f 1141/1079/571 1142/1080/571 1144/1081/571 1143/1082/571
f 1143/1082/572 1144/1081/572 1148/1083/572 1147/1084/572
f 1147/1084/573 1148/1083/573 1146/1085/573 1145/1086/573
f 1145/1086/574 1146/1085/574 1142/1087/574 1141/1088/574
f 1143/1089/575 1147/1084/575 1145/1086/575 1141/1090/575
f 1148/1083/576 1144/1091/576 1142/1092/576 1146/1085/576
f 1149/1079/565 1150/1080/565 1152/1081/565 1151/1082/565
f 1151/1082/566 1152/1081/566 1156/1083/566 1155/1084/566
f 1155/1084/567 1156/1083/567 1154/1085/567 1153/1086/567
f 1153/1086/568 1154/1085/568 1150/1087/568 1149/1088/568
f 1151/1089/569 1155/1084/569 1153/1086/569 1149/1090/569
f 1156/1083/570 1152/1091/570 1150/1092/570 1154/1085/570
f 1157/1079/565 1158/1080/565 1160/1081/565 1159/1082/565
f 1159/1082/566 1160/1081/566 1164/1083/566 1163/1084/566
f 1163/1084/567 1164/1083/567 1162/1085/567 1161/1086/567
f 1161/1086/568 1162/1085/568 1158/1087/568 1157/1088/568
f 1159/1089/569 1163/1084/569 1161/1086/569 1157/1090/569
f 1164/1083/570 1160/1091/570 1158/1092/570 1162/1085/570
f 1165/1079/565 1166/1080/565 1168/1081/565 1167/1082/565
f 1167/1082/566 1168/1081/566 1172/1083/566 1171/1084/566
f 1171/1084/567 1172/1083/567 1170/1085/567 1169/1086/567
f 1169/1086/568 1170/1085/568 1166/1087/568 1165/1088/568
f 1167/1089/569 1171/1084/569 1169/1086/569 1165/1090/569
f 1172/1083/570 1168/1091/570 1166/1092/570 1170/1085/570
f 1173/1079/565 1174/1080/565 1176/1081/565 1175/1082/565
f 1175/1082/566 1176/1081/566 1180/1083/566 1179/1084/566
f 1179/1084/567 1180/1083/567 1178/1085/567 1177/1086/567
f 1177/1086/568 1178/1085/568 1174/1087/568 1173/1088/568
f 1175/1089/569 1179/1084/569 1177/1086/569 1173/1090/569
f 1180/1083/570 1176/1091/570 1174/1092/570 1178/1085/570
f 1181/1093/577 1184/1094/577 1182/1095/577
f 1181/1096/578 1182/1097/578 1183/1098/578
f 1182/1095/579 1184/1094/579 1183/1099/579
f 1183/1099/580 1184/1094/580 1181/1093/580
f 1185/1093/577 1188/1094/577 1186/1095/577
f 1185/1096/578 1186/1097/578 1187/1098/578
f 1186/1095/579 1188/1094/579 1187/1099/579
f 1187/1099/580 1188/1094/580 1185/1093/580
f 1189/1093/577 1192/1094/577 1190/1095/577
f 1189/1096/578 1190/1097/578 1191/1098/578
f 1190/1095/579 1192/1094/579 1191/1099/579
f 1191/1099/580 1192/1094/580 1189/1093/580
f 1193/1093/581 1196/1094/581 1194/1095/581
f 1193/1096/578 1194/1097/578 1195/1098/578
f 1194/1095/582 1196/1094/582 1195/1099/582
f 1195/1099/583 1196/1094/583 1193/1093/583
f 1197/1093/584 1200/1094/584 1198/1095/584
f 1197/1096/578 1198/1097/578 1199/1098/578
f 1198/1095/585 1200/1094/585 1199/1099/585
f 1199/1099/586 1200/1094/586 1197/1093/586
f 1201/1093/587 1204/1094/587 1202/1095/587
f 1201/1096/578 1202/1097/578 1203/1098/578
f 1202/1095/588 1204/1094/588 1203/1099/588
f 1203/1099/589 1204/1094/589 1201/1093/589
f 1205/1093/577 1208/1094/577 1206/1095/577
f 1205/1096/578 1206/1097/578 1207/1098/578
f 1206/1095/579 1208/1094/579 1207/1099/579
f 1207/1099/580 1208/1094/580 1205/1093/580
f 1209/1093/590 1212/1094/590 1210/1095/590
f 1209/1096/578 1210/1097/578 1211/1098/578
f 1210/1095/591 1212/1094/591 1211/1099/591
f 1211/1099/592 1212/1094/592 1209/1093/592
f 1213/1093/587 1216/1094/587 1214/1095/587
f 1213/1096/578 1214/1097/578 1215/1098/578
f 1214/1095/588 1216/1094/588 1215/1099/588
f 1215/1099/589 1216/1094/589 1213/1093/589
f 1217/1093/577 1220/1094/577 1218/1095/577
f 1217/1096/578 1218/1097/578 1219/1098/578
f 1218/1095/579 1220/1094/579 1219/1099/579
f 1219/1099/580 1220/1094/580 1217/1093/580
f 1221/1093/584 1224/1094/584 1222/1095/584
f 1221/1096/578 1222/1097/578 1223/1098/578
f 1222/1095/585 1224/1094/585 1223/1099/585
f 1223/1099/586 1224/1094/586 1221/1093/586
f 1225/1093/581 1228/1094/581 1226/1095/581
f 1225/1096/578 1226/1097/578 1227/1098/578
f 1226/1095/582 1228/1094/582 1227/1099/582
f 1227/1099/583 1228/1094/583 1225/1093/583
f 1229/1093/577 1232/1094/577 1230/1095/577
f 1229/1096/578 1230/1097/578 1231/1098/578
f 1230/1095/579 1232/1094/579 1231/1099/579
f 1231/1099/580 1232/1094/580 1229/1093/580
f 1233/1093/577 1236/1094/577 1234/1095/577
f 1233/1096/578 1234/1097/578 1235/1098/578
f 1234/1095/579 1236/1094/579 1235/1099/579
f 1235/1099/580 1236/1094/580 1233/1093/580
f 1237/1093/577 1240/1094/577 1238/1095/577
f 1237/1096/578 1238/1097/578 1239/1098/578
f 1238/1095/579 1240/1094/579 1239/1099/579
f 1239/1099/580 1240/1094/580 1237/1093/580
o Cone.026
v -0.441147 0.269639 -0.073776
v -0.405180 0.288506 -0.115768
v -0.477115 0.288506 -0.115768
v -0.441147 0.006442 -0.225675
vn 0.7865 -0.3087 0.5349
vn -0.0000 0.9122 0.4098
vn -0.0000 0.3631 -0.9318
vn -0.7865 -0.3087 0.5349
vt 0.250000 0.490000
vt 0.250000 0.250000
vt 0.457846 0.130000
vt 0.750000 0.490000
vt 0.957846 0.130000
vt 0.542154 0.130000
vt 0.042154 0.130000
s 0
f 1241/1100/593 1244/1101/593 1242/1102/593
f 1241/1103/594 1242/1104/594 1243/1105/594
f 1242/1102/595 1244/1101/595 1243/1106/595
f 1243/1106/596 1244/1101/596 1241/1100/596
o Cone.033
v -0.669204 0.184138 -0.074434
v -0.633236 0.196773 -0.118702
v -0.705172 0.196773 -0.118702
v -0.669204 -0.098162 -0.186919
v -0.729792 0.184139 -0.074434
v -0.693824 0.196773 -0.118702
v -0.765760 0.196773 -0.118702
v -0.729792 -0.098162 -0.186919
v -0.606963 0.184139 -0.074434
v -0.570995 0.196773 -0.118702
v -0.642931 0.196773 -0.118702
v -0.606963 -0.098162 -0.186919
v -0.550454 0.184139 -0.074434
v -0.514486 0.196773 -0.118702
v -0.586421 0.196773 -0.118702
v -0.550454 -0.098162 -0.186919
v -0.494468 0.184139 -0.074434
v -0.458500 0.196773 -0.118702
v -0.530436 0.196773 -0.118702
v -0.494468 -0.098162 -0.186919
v -0.441147 0.184139 -0.074434
v -0.405180 0.196773 -0.118702
v -0.477115 0.196773 -0.118702
v -0.441147 -0.098162 -0.186919
v -0.380263 0.184139 -0.074434
v -0.344295 0.196773 -0.118702
v -0.416231 0.196773 -0.118702
v -0.380263 -0.098162 -0.186919
v -0.319017 0.184139 -0.074434
v -0.283050 0.196773 -0.118702
v -0.354985 0.196773 -0.118702
v -0.319017 -0.098162 -0.186919
v -0.273070 0.184139 -0.074434
v -0.237103 0.196773 -0.118702
v -0.309038 0.196773 -0.118702
v -0.273070 -0.098162 -0.186919
v 0.388795 0.184139 -0.074434
v 0.424763 0.196773 -0.118702
v 0.352827 0.196773 -0.118702
v 0.388795 -0.098162 -0.186919
v 0.327023 0.184139 -0.074434
v 0.362991 0.196773 -0.118702
v 0.291056 0.196773 -0.118702
v 0.327023 -0.098162 -0.186919
v 0.270271 0.184139 -0.074434
v 0.306238 0.196773 -0.118702
v 0.234303 0.196773 -0.118702
v 0.270271 -0.098162 -0.186919
v 0.206693 0.184139 -0.074434
v 0.242661 0.196773 -0.118702
v 0.170726 0.196773 -0.118702
v 0.206693 -0.098162 -0.186919
v 0.146671 0.184139 -0.074434
v 0.182639 0.196773 -0.118702
v 0.110703 0.196773 -0.118702
v 0.146671 -0.098162 -0.186919
v 0.088200 0.184139 -0.074434
v 0.124168 0.196773 -0.118702
v 0.052233 0.196773 -0.118702
v 0.088200 -0.098162 -0.186919
v 0.034706 0.184139 -0.074434
v 0.070674 0.196773 -0.118702
v -0.001262 0.196773 -0.118702
v 0.034706 -0.098162 -0.186919
v -0.026551 0.184139 -0.074434
v 0.009417 0.196773 -0.118702
v -0.062518 0.196773 -0.118702
v -0.026551 -0.098162 -0.186919
v -0.075386 0.184139 -0.074434
v -0.039418 0.196773 -0.118702
v -0.111354 0.196773 -0.118702
v -0.075386 -0.098162 -0.186919
v -0.126648 0.184139 -0.074434
v -0.090680 0.196773 -0.118702
v -0.162616 0.196773 -0.118702
v -0.126648 -0.098162 -0.186919
v -0.175014 0.184139 -0.074434
v -0.139046 0.196773 -0.118702
v -0.210982 0.196773 -0.118702
v -0.175014 -0.098162 -0.186919
v -0.223500 0.184139 -0.074434
v -0.187532 0.196773 -0.118702
v -0.259468 0.196773 -0.118702
v -0.223500 -0.098162 -0.186919
v 0.388795 0.269639 -0.073776
v 0.424763 0.288506 -0.115768
v 0.352827 0.288506 -0.115768
v 0.388795 0.006442 -0.225675
v -0.223500 0.269639 -0.073776
v -0.187532 0.288506 -0.115768
v -0.259468 0.288506 -0.115768
v -0.223500 0.006442 -0.225675
v -0.175014 0.269639 -0.073776
v -0.139046 0.288506 -0.115768
v -0.210982 0.288506 -0.115768
v -0.175014 0.006442 -0.225675
v -0.126648 0.269639 -0.073776
v -0.090680 0.288506 -0.115768
v -0.162616 0.288506 -0.115768
v -0.126648 0.006442 -0.225675
v -0.075386 0.269639 -0.073776
v -0.039418 0.288506 -0.115768
v -0.111354 0.288506 -0.115768
v -0.075386 0.006442 -0.225675
v -0.026551 0.269639 -0.073776
v 0.009417 0.288506 -0.115768
v -0.062518 0.288506 -0.115768
v -0.026551 0.006442 -0.225675
v 0.034706 0.269639 -0.073776
v 0.070674 0.288506 -0.115768
v -0.001262 0.288506 -0.115768
v 0.034706 0.006442 -0.225675
v 0.088200 0.269639 -0.073776
v 0.124168 0.288506 -0.115768
v 0.052233 0.288506 -0.115768
v 0.088200 0.006442 -0.225675
v 0.146671 0.269639 -0.073776
v 0.182639 0.288506 -0.115768
v 0.110703 0.288506 -0.115768
v 0.146671 0.006442 -0.225675
v 0.206693 0.269639 -0.073776
v 0.242661 0.288506 -0.115768
v 0.170726 0.288506 -0.115768
v 0.206693 0.006442 -0.225675
v 0.270271 0.269639 -0.073776
v 0.306238 0.288506 -0.115768
v 0.234303 0.288506 -0.115768
v 0.270271 0.006442 -0.225675
v 0.327023 0.269639 -0.073776
v 0.362991 0.288506 -0.115768
v 0.291056 0.288506 -0.115768
v 0.327023 0.006442 -0.225675
v -0.273070 0.269639 -0.073776
v -0.237103 0.288506 -0.115768
v -0.309038 0.288506 -0.115768
v -0.273070 0.006442 -0.225675
v -0.319017 0.269639 -0.073776
v -0.283050 0.288506 -0.115768
v -0.354985 0.288506 -0.115768
v -0.319017 0.006442 -0.225675
v -0.380263 0.269639 -0.073776
v -0.344296 0.288506 -0.115768
v -0.416231 0.288506 -0.115768
v -0.380263 0.006442 -0.225675
v -0.441148 0.269639 -0.073776
v -0.405180 0.288506 -0.115768
v -0.477115 0.288506 -0.115768
v -0.441148 0.006442 -0.225675
v -0.494468 0.269639 -0.073776
v -0.458500 0.288506 -0.115768
v -0.530436 0.288506 -0.115768
v -0.494468 0.006442 -0.225675
v -0.550454 0.269639 -0.073776
v -0.514486 0.288506 -0.115768
v -0.586422 0.288506 -0.115768
v -0.550454 0.006442 -0.225675
v -0.606963 0.269639 -0.073776
v -0.570996 0.288506 -0.115768
v -0.642931 0.288506 -0.115768
v -0.606963 0.006442 -0.225675
v -0.669204 0.269639 -0.073776
v -0.633237 0.288506 -0.115768
v -0.705172 0.288506 -0.115768
v -0.669204 0.006442 -0.225675
v -0.729792 0.269639 -0.073776
v -0.693824 0.288506 -0.115768
v -0.765760 0.288506 -0.115768
v -0.729792 0.006442 -0.225675
vn 0.7865 -0.2286 0.5738
vn -0.0000 0.9616 0.2744
vn -0.0000 0.2253 -0.9743
vn -0.7865 -0.2286 0.5738
vn 0.7865 -0.3087 0.5349
vn -0.0000 0.9122 0.4098
vn -0.0000 0.3631 -0.9318
vn -0.7865 -0.3087 0.5349
vt 0.250000 0.490000
vt 0.250000 0.250000
vt 0.457846 0.130000
vt 0.750000 0.490000
vt 0.957846 0.130000
vt 0.542154 0.130000
vt 0.042154 0.130000
s 0
f 1245/1107/597 1248/1108/597 1246/1109/597
f 1245/1110/598 1246/1111/598 1247/1112/598
f 1246/1109/599 1248/1108/599 1247/1113/599
f 1247/1113/600 1248/1108/600 1245/1107/600
f 1249/1107/597 1252/1108/597 1250/1109/597
f 1249/1110/598 1250/1111/598 1251/1112/598
f 1250/1109/599 1252/1108/599 1251/1113/599
f 1251/1113/600 1252/1108/600 1249/1107/600
f 1253/1107/597 1256/1108/597 1254/1109/597
f 1253/1110/598 1254/1111/598 1255/1112/598
f 1254/1109/599 1256/1108/599 1255/1113/599
f 1255/1113/600 1256/1108/600 1253/1107/600
f 1257/1107/597 1260/1108/597 1258/1109/597
f 1257/1110/598 1258/1111/598 1259/1112/598
f 1258/1109/599 1260/1108/599 1259/1113/599
f 1259/1113/600 1260/1108/600 1257/1107/600
f 1261/1107/597 1264/1108/597 1262/1109/597
f 1261/1110/598 1262/1111/598 1263/1112/598
f 1262/1109/599 1264/1108/599 1263/1113/599
f 1263/1113/600 1264/1108/600 1261/1107/600
f 1265/1107/597 1268/1108/597 1266/1109/597
f 1265/1110/598 1266/1111/598 1267/1112/598
f 1266/1109/599 1268/1108/599 1267/1113/599
f 1267/1113/600 1268/1108/600 1265/1107/600
f 1269/1107/597 1272/1108/597 1270/1109/597
f 1269/1110/598 1270/1111/598 1271/1112/598
f 1270/1109/599 1272/1108/599 1271/1113/599
f 1271/1113/600 1272/1108/600 1269/1107/600
f 1273/1107/597 1276/1108/597 1274/1109/597
f 1273/1110/598 1274/1111/598 1275/1112/598
f 1274/1109/599 1276/1108/599 1275/1113/599
f 1275/1113/600 1276/1108/600 1273/1107/600
f 1277/1107/597 1280/1108/597 1278/1109/597
f 1277/1110/598 1278/1111/598 1279/1112/598
f 1278/1109/599 1280/1108/599 1279/1113/599
f 1279/1113/600 1280/1108/600 1277/1107/600
f 1281/1107/597 1284/1108/597 1282/1109/597
f 1281/1110/598 1282/1111/598 1283/1112/598
f 1282/1109/599 1284/1108/599 1283/1113/599
f 1283/1113/600 1284/1108/600 1281/1107/600
f 1285/1107/597 1288/1108/597 1286/1109/597
f 1285/1110/598 1286/1111/598 1287/1112/598
f 1286/1109/599 1288/1108/599 1287/1113/599
f 1287/1113/600 1288/1108/600 1285/1107/600
f 1289/1107/597 1292/1108/597 1290/1109/597
f 1289/1110/598 1290/1111/598 1291/1112/598
f 1290/1109/599 1292/1108/599 1291/1113/599
f 1291/1113/600 1292/1108/600 1289/1107/600
f 1293/1107/597 1296/1108/597 1294/1109/597
f 1293/1110/598 1294/1111/598 1295/1112/598
f 1294/1109/599 1296/1108/599 1295/1113/599
f 1295/1113/600 1296/1108/600 1293/1107/600
f 1297/1107/597 1300/1108/597 1298/1109/597
f 1297/1110/598 1298/1111/598 1299/1112/598
f 1298/1109/599 1300/1108/599 1299/1113/599
f 1299/1113/600 1300/1108/600 1297/1107/600
f 1301/1107/597 1304/1108/597 1302/1109/597
f 1301/1110/598 1302/1111/598 1303/1112/598
f 1302/1109/599 1304/1108/599 1303/1113/599
f 1303/1113/600 1304/1108/600 1301/1107/600
f 1305/1107/597 1308/1108/597 1306/1109/597
f 1305/1110/598 1306/1111/598 1307/1112/598
f 1306/1109/599 1308/1108/599 1307/1113/599
f 1307/1113/600 1308/1108/600 1305/1107/600
f 1309/1107/597 1312/1108/597 1310/1109/597
f 1309/1110/598 1310/1111/598 1311/1112/598
f 1310/1109/599 1312/1108/599 1311/1113/599
f 1311/1113/600 1312/1108/600 1309/1107/600
f 1313/1107/597 1316/1108/597 1314/1109/597
f 1313/1110/598 1314/1111/598 1315/1112/598
f 1314/1109/599 1316/1108/599 1315/1113/599
f 1315/1113/600 1316/1108/600 1313/1107/600
f 1317/1107/597 1320/1108/597 1318/1109/597
f 1317/1110/598 1318/1111/598 1319/1112/598
f 1318/1109/599 1320/1108/599 1319/1113/599
f 1319/1113/600 1320/1108/600 1317/1107/600
f 1321/1107/597 1324/1108/597 1322/1109/597
f 1321/1110/598 1322/1111/598 1323/1112/598
f 1322/1109/599 1324/1108/599 1323/1113/599
f 1323/1113/600 1324/1108/600 1321/1107/600
f 1325/1107/597 1328/1108/597 1326/1109/597
f 1325/1110/598 1326/1111/598 1327/1112/598
f 1326/1109/599 1328/1108/599 1327/1113/599
f 1327/1113/600 1328/1108/600 1325/1107/600
f 1329/1107/601 1332/1108/601 1330/1109/601
f 1329/1110/602 1330/1111/602 1331/1112/602
f 1330/1109/603 1332/1108/603 1331/1113/603
f 1331/1113/604 1332/1108/604 1329/1107/604
f 1333/1107/601 1336/1108/601 1334/1109/601
f 1333/1110/602 1334/1111/602 1335/1112/602
f 1334/1109/603 1336/1108/603 1335/1113/603
f 1335/1113/604 1336/1108/604 1333/1107/604
f 1337/1107/601 1340/1108/601 1338/1109/601
f 1337/1110/602 1338/1111/602 1339/1112/602
f 1338/1109/603 1340/1108/603 1339/1113/603
f 1339/1113/604 1340/1108/604 1337/1107/604
f 1341/1107/601 1344/1108/601 1342/1109/601
f 1341/1110/602 1342/1111/602 1343/1112/602
f 1342/1109/603 1344/1108/603 1343/1113/603
f 1343/1113/604 1344/1108/604 1341/1107/604
f 1345/1107/601 1348/1108/601 1346/1109/601
f 1345/1110/602 1346/1111/602 1347/1112/602
f 1346/1109/603 1348/1108/603 1347/1113/603
f 1347/1113/604 1348/1108/604 1345/1107/604
f 1349/1107/601 1352/1108/601 1350/1109/601
f 1349/1110/602 1350/1111/602 1351/1112/602
f 1350/1109/603 1352/1108/603 1351/1113/603
f 1351/1113/604 1352/1108/604 1349/1107/604
f 1353/1107/601 1356/1108/601 1354/1109/601
f 1353/1110/602 1354/1111/602 1355/1112/602
f 1354/1109/603 1356/1108/603 1355/1113/603
f 1355/1113/604 1356/1108/604 1353/1107/604
f 1357/1107/601 1360/1108/601 1358/1109/601
f 1357/1110/602 1358/1111/602 1359/1112/602
f 1358/1109/603 1360/1108/603 1359/1113/603
f 1359/1113/604 1360/1108/604 1357/1107/604
f 1361/1107/601 1364/1108/601 1362/1109/601
f 1361/1110/602 1362/1111/602 1363/1112/602
f 1362/1109/603 1364/1108/603 1363/1113/603
f 1363/1113/604 1364/1108/604 1361/1107/604
f 1365/1107/601 1368/1108/601 1366/1109/601
f 1365/1110/602 1366/1111/602 1367/1112/602
f 1366/1109/603 1368/1108/603 1367/1113/603
f 1367/1113/604 1368/1108/604 1365/1107/604
f 1369/1107/601 1372/1108/601 1370/1109/601
f 1369/1110/602 1370/1111/602 1371/1112/602
f 1370/1109/603 1372/1108/603 1371/1113/603
f 1371/1113/604 1372/1108/604 1369/1107/604
f 1373/1107/601 1376/1108/601 1374/1109/601
f 1373/1110/602 1374/1111/602 1375/1112/602
f 1374/1109/603 1376/1108/603 1375/1113/603
f 1375/1113/604 1376/1108/604 1373/1107/604
f 1377/1107/601 1380/1108/601 1378/1109/601
f 1377/1110/602 1378/1111/602 1379/1112/602
f 1378/1109/603 1380/1108/603 1379/1113/603
f 1379/1113/604 1380/1108/604 1377/1107/604
f 1381/1107/601 1384/1108/601 1382/1109/601
f 1381/1110/602 1382/1111/602 1383/1112/602
f 1382/1109/603 1384/1108/603 1383/1113/603
f 1383/1113/604 1384/1108/604 1381/1107/604
f 1385/1107/601 1388/1108/601 1386/1109/601
f 1385/1110/602 1386/1111/602 1387/1112/602
f 1386/1109/603 1388/1108/603 1387/1113/603
f 1387/1113/604 1388/1108/604 1385/1107/604
f 1389/1107/601 1392/1108/601 1390/1109/601
f 1389/1110/602 1390/1111/602 1391/1112/602
f 1390/1109/603 1392/1108/603 1391/1113/603
f 1391/1113/604 1392/1108/604 1389/1107/604
f 1393/1107/601 1396/1108/601 1394/1109/601
f 1393/1110/602 1394/1111/602 1395/1112/602
f 1394/1109/603 1396/1108/603 1395/1113/603
f 1395/1113/604 1396/1108/604 1393/1107/604
f 1397/1107/601 1400/1108/601 1398/1109/601
f 1397/1110/602 1398/1111/602 1399/1112/602
f 1398/1109/603 1400/1108/603 1399/1113/603
f 1399/1113/604 1400/1108/604 1397/1107/604
f 1401/1107/601 1404/1108/601 1402/1109/601
f 1401/1110/602 1402/1111/602 1403/1112/602
f 1402/1109/603 1404/1108/603 1403/1113/603
f 1403/1113/604 1404/1108/604 1401/1107/604
f 1405/1107/601 1408/1108/601 1406/1109/601
f 1405/1110/602 1406/1111/602 1407/1112/602
f 1406/1109/603 1408/1108/603 1407/1113/603
f 1407/1113/604 1408/1108/604 1405/1107/604
f 1409/1107/601 1412/1108/601 1410/1109/601
f 1409/1110/602 1410/1111/602 1411/1112/602
f 1410/1109/603 1412/1108/603 1411/1113/603
f 1411/1113/604 1412/1108/604 1409/1107/604
o Cone.004
v 0.328326 0.184138 0.076741
v 0.292358 0.196773 0.121009
v 0.364294 0.196773 0.121009
v 0.328326 -0.098162 0.189226
v 0.388914 0.184139 0.076741
v 0.352946 0.196773 0.121009
v 0.424882 0.196773 0.121009
v 0.388914 -0.098162 0.189226
v 0.266085 0.184139 0.076741
v 0.230117 0.196773 0.121009
v 0.302053 0.196773 0.121009
v 0.266085 -0.098162 0.189226
v 0.209575 0.184139 0.076741
v 0.173608 0.196773 0.121009
v 0.245543 0.196773 0.121009
v 0.209575 -0.098162 0.189226
v 0.153590 0.184139 0.076741
v 0.117622 0.196773 0.121009
v 0.189557 0.196773 0.121009
v 0.153590 -0.098162 0.189226
v 0.100269 0.184139 0.076741
v 0.064301 0.196773 0.121009
v 0.136237 0.196773 0.121009
v 0.100269 -0.098162 0.189226
v 0.039385 0.184139 0.076741
v 0.003417 0.196773 0.121009
v 0.075353 0.196773 0.121009
v 0.039385 -0.098162 0.189226
v -0.021861 0.184139 0.076741
v -0.057829 0.196773 0.121009
v 0.014107 0.196773 0.121009
v -0.021861 -0.098162 0.189226
v -0.067808 0.184139 0.076741
v -0.103776 0.196773 0.121009
v -0.031840 0.196773 0.121009
v -0.067808 -0.098162 0.189226
v -0.729673 0.184139 0.076741
v -0.765641 0.196773 0.121009
v -0.693705 0.196773 0.121009
v -0.729673 -0.098162 0.189226
v -0.667902 0.184139 0.076741
v -0.703869 0.196773 0.121009
v -0.631934 0.196773 0.121009
v -0.667902 -0.098162 0.189226
v -0.611149 0.184139 0.076741
v -0.647117 0.196773 0.121009
v -0.575181 0.196773 0.121009
v -0.611149 -0.098162 0.189226
v -0.547572 0.184139 0.076741
v -0.583539 0.196773 0.121009
v -0.511604 0.196773 0.121009
v -0.547572 -0.098162 0.189226
v -0.487549 0.184139 0.076741
v -0.523517 0.196773 0.121009
v -0.451581 0.196773 0.121009
v -0.487549 -0.098162 0.189226
v -0.429079 0.184139 0.076741
v -0.465046 0.196773 0.121009
v -0.393111 0.196773 0.121009
v -0.429079 -0.098162 0.189226
v -0.375584 0.184139 0.076741
v -0.411552 0.196773 0.121009
v -0.339617 0.196773 0.121009
v -0.375584 -0.098162 0.189226
v -0.314328 0.184139 0.076741
v -0.350295 0.196773 0.121009
v -0.278360 0.196773 0.121009
v -0.314328 -0.098162 0.189226
v -0.265492 0.184139 0.076741
v -0.301460 0.196773 0.121009
v -0.229524 0.196773 0.121009
v -0.265492 -0.098162 0.189226
v -0.214230 0.184139 0.076741
v -0.250198 0.196773 0.121009
v -0.178262 0.196773 0.121009
v -0.214230 -0.098162 0.189226
v -0.165864 0.184139 0.076741
v -0.201832 0.196773 0.121009
v -0.129897 0.196773 0.121009
v -0.165864 -0.098162 0.189226
v -0.117378 0.184139 0.076741
v -0.153346 0.196773 0.121009
v -0.081410 0.196773 0.121009
v -0.117378 -0.098162 0.189226
v -0.729673 0.269639 0.076083
v -0.765641 0.288506 0.118075
v -0.693705 0.288506 0.118075
v -0.729673 0.006442 0.227982
v -0.117378 0.269639 0.076083
v -0.153346 0.288506 0.118075
v -0.081410 0.288506 0.118075
v -0.117378 0.006442 0.227982
v -0.165864 0.269639 0.076083
v -0.201832 0.288506 0.118075
v -0.129897 0.288506 0.118075
v -0.165864 0.006442 0.227982
v -0.214230 0.269639 0.076083
v -0.250198 0.288506 0.118075
v -0.178262 0.288506 0.118075
v -0.214230 0.006442 0.227982
v -0.265492 0.269639 0.076083
v -0.301460 0.288506 0.118075
v -0.229524 0.288506 0.118075
v -0.265492 0.006442 0.227982
v -0.314328 0.269639 0.076083
v -0.350295 0.288506 0.118075
v -0.278360 0.288506 0.118075
v -0.314328 0.006442 0.227982
v -0.375584 0.269639 0.076083
v -0.411552 0.288506 0.118075
v -0.339617 0.288506 0.118075
v -0.375584 0.006442 0.227982
v -0.429079 0.269639 0.076083
v -0.465046 0.288506 0.118075
v -0.393111 0.288506 0.118075
v -0.429079 0.006442 0.227982
v -0.487549 0.269639 0.076083
v -0.523517 0.288506 0.118075
v -0.451581 0.288506 0.118075
v -0.487549 0.006442 0.227982
v -0.547572 0.269639 0.076083
v -0.583539 0.288506 0.118075
v -0.511604 0.288506 0.118075
v -0.547572 0.006442 0.227982
v -0.611149 0.269639 0.076083
v -0.647117 0.288506 0.118075
v -0.575181 0.288506 0.118075
v -0.611149 0.006442 0.227982
v -0.667902 0.269639 0.076083
v -0.703869 0.288506 0.118075
v -0.631934 0.288506 0.118075
v -0.667902 0.006442 0.227982
v -0.067808 0.269639 0.076083
v -0.103776 0.288506 0.118075
v -0.031840 0.288506 0.118075
v -0.067808 0.006442 0.227982
v -0.021861 0.269639 0.076083
v -0.057829 0.288506 0.118075
v 0.014107 0.288506 0.118075
v -0.021861 0.006442 0.227982
v 0.039385 0.269639 0.076083
v 0.003417 0.288506 0.118075
v 0.075353 0.288506 0.118075
v 0.039385 0.006442 0.227982
v 0.100269 0.269639 0.076083
v 0.064301 0.288506 0.118075
v 0.136237 0.288506 0.118075
v 0.100269 0.006442 0.227982
v 0.153590 0.269639 0.076083
v 0.117622 0.288506 0.118075
v 0.189558 0.288506 0.118075
v 0.153590 0.006442 0.227982
v 0.209576 0.269639 0.076083
v 0.173608 0.288506 0.118075
v 0.245543 0.288506 0.118075
v 0.209576 0.006442 0.227982
v 0.266085 0.269639 0.076083
v 0.230117 0.288506 0.118075
v 0.302053 0.288506 0.118075
v 0.266085 0.006442 0.227982
v 0.328326 0.269639 0.076083
v 0.292358 0.288506 0.118075
v 0.364294 0.288506 0.118075
v 0.328326 0.006442 0.227982
v 0.388914 0.269639 0.076083
v 0.352946 0.288506 0.118075
v 0.424882 0.288506 0.118075
v 0.388914 0.006442 0.227982
vn -0.7865 -0.2286 -0.5738
vn -0.0000 0.9616 -0.2744
vn -0.0000 0.2253 0.9743
vn 0.7865 -0.2286 -0.5738
vn -0.7865 -0.3087 -0.5349
vn -0.0000 0.9122 -0.4098
vn -0.0000 0.3631 0.9318
vn 0.7865 -0.3087 -0.5349
vt 0.250000 0.490000
vt 0.250000 0.250000
vt 0.457846 0.130000
vt 0.750000 0.490000
vt 0.957846 0.130000
vt 0.542154 0.130000
vt 0.042154 0.130000
s 0
f 1413/1114/605 1416/1115/605 1414/1116/605
f 1413/1117/606 1414/1118/606 1415/1119/606
f 1414/1116/607 1416/1115/607 1415/1120/607
f 1415/1120/608 1416/1115/608 1413/1114/608
f 1417/1114/605 1420/1115/605 1418/1116/605
f 1417/1117/606 1418/1118/606 1419/1119/606
f 1418/1116/607 1420/1115/607 1419/1120/607
f 1419/1120/608 1420/1115/608 1417/1114/608
f 1421/1114/605 1424/1115/605 1422/1116/605
f 1421/1117/606 1422/1118/606 1423/1119/606
f 1422/1116/607 1424/1115/607 1423/1120/607
f 1423/1120/608 1424/1115/608 1421/1114/608
f 1425/1114/605 1428/1115/605 1426/1116/605
f 1425/1117/606 1426/1118/606 1427/1119/606
f 1426/1116/607 1428/1115/607 1427/1120/607
f 1427/1120/608 1428/1115/608 1425/1114/608
f 1429/1114/605 1432/1115/605 1430/1116/605
f 1429/1117/606 1430/1118/606 1431/1119/606
f 1430/1116/607 1432/1115/607 1431/1120/607
f 1431/1120/608 1432/1115/608 1429/1114/608
f 1433/1114/605 1436/1115/605 1434/1116/605
f 1433/1117/606 1434/1118/606 1435/1119/606
f 1434/1116/607 1436/1115/607 1435/1120/607
f 1435/1120/608 1436/1115/608 1433/1114/608
f 1437/1114/605 1440/1115/605 1438/1116/605
f 1437/1117/606 1438/1118/606 1439/1119/606
f 1438/1116/607 1440/1115/607 1439/1120/607
f 1439/1120/608 1440/1115/608 1437/1114/608
f 1441/1114/605 1444/1115/605 1442/1116/605
f 1441/1117/606 1442/1118/606 1443/1119/606
f 1442/1116/607 1444/1115/607 1443/1120/607
f 1443/1120/608 1444/1115/608 1441/1114/608
f 1445/1114/605 1448/1115/605 1446/1116/605
f 1445/1117/606 1446/1118/606 1447/1119/606
f 1446/1116/607 1448/1115/607 1447/1120/607
f 1447/1120/608 1448/1115/608 1445/1114/608
f 1449/1114/605 1452/1115/605 1450/1116/605
f 1449/1117/606 1450/1118/606 1451/1119/606
f 1450/1116/607 1452/1115/607 1451/1120/607
f 1451/1120/608 1452/1115/608 1449/1114/608
f 1453/1114/605 1456/1115/605 1454/1116/605
f 1453/1117/606 1454/1118/606 1455/1119/606
f 1454/1116/607 1456/1115/607 1455/1120/607
f 1455/1120/608 1456/1115/608 1453/1114/608
f 1457/1114/605 1460/1115/605 1458/1116/605
f 1457/1117/606 1458/1118/606 1459/1119/606
f 1458/1116/607 1460/1115/607 1459/1120/607
f 1459/1120/608 1460/1115/608 1457/1114/608
f 1461/1114/605 1464/1115/605 1462/1116/605
f 1461/1117/606 1462/1118/606 1463/1119/606
f 1462/1116/607 1464/1115/607 1463/1120/607
f 1463/1120/608 1464/1115/608 1461/1114/608
f 1465/1114/605 1468/1115/605 1466/1116/605
f 1465/1117/606 1466/1118/606 1467/1119/606
f 1466/1116/607 1468/1115/607 1467/1120/607
f 1467/1120/608 1468/1115/608 1465/1114/608
f 1469/1114/605 1472/1115/605 1470/1116/605
f 1469/1117/606 1470/1118/606 1471/1119/606
f 1470/1116/607 1472/1115/607 1471/1120/607
f 1471/1120/608 1472/1115/608 1469/1114/608
f 1473/1114/605 1476/1115/605 1474/1116/605
f 1473/1117/606 1474/1118/606 1475/1119/606
f 1474/1116/607 1476/1115/607 1475/1120/607
f 1475/1120/608 1476/1115/608 1473/1114/608
f 1477/1114/605 1480/1115/605 1478/1116/605
f 1477/1117/606 1478/1118/606 1479/1119/606
f 1478/1116/607 1480/1115/607 1479/1120/607
f 1479/1120/608 1480/1115/608 1477/1114/608
f 1481/1114/605 1484/1115/605 1482/1116/605
f 1481/1117/606 1482/1118/606 1483/1119/606
f 1482/1116/607 1484/1115/607 1483/1120/607
f 1483/1120/608 1484/1115/608 1481/1114/608
f 1485/1114/605 1488/1115/605 1486/1116/605
f 1485/1117/606 1486/1118/606 1487/1119/606
f 1486/1116/607 1488/1115/607 1487/1120/607
f 1487/1120/608 1488/1115/608 1485/1114/608
f 1489/1114/605 1492/1115/605 1490/1116/605
f 1489/1117/606 1490/1118/606 1491/1119/606
f 1490/1116/607 1492/1115/607 1491/1120/607
f 1491/1120/608 1492/1115/608 1489/1114/608
f 1493/1114/605 1496/1115/605 1494/1116/605
f 1493/1117/606 1494/1118/606 1495/1119/606
f 1494/1116/607 1496/1115/607 1495/1120/607
f 1495/1120/608 1496/1115/608 1493/1114/608
f 1497/1114/609 1500/1115/609 1498/1116/609
f 1497/1117/610 1498/1118/610 1499/1119/610
f 1498/1116/611 1500/1115/611 1499/1120/611
f 1499/1120/612 1500/1115/612 1497/1114/612
f 1501/1114/609 1504/1115/609 1502/1116/609
f 1501/1117/610 1502/1118/610 1503/1119/610
f 1502/1116/611 1504/1115/611 1503/1120/611
f 1503/1120/612 1504/1115/612 1501/1114/612
f 1505/1114/609 1508/1115/609 1506/1116/609
f 1505/1117/610 1506/1118/610 1507/1119/610
f 1506/1116/611 1508/1115/611 1507/1120/611
f 1507/1120/612 1508/1115/612 1505/1114/612
f 1509/1114/609 1512/1115/609 1510/1116/609
f 1509/1117/610 1510/1118/610 1511/1119/610
f 1510/1116/611 1512/1115/611 1511/1120/611
f 1511/1120/612 1512/1115/612 1509/1114/612
f 1513/1114/609 1516/1115/609 1514/1116/609
f 1513/1117/610 1514/1118/610 1515/1119/610
f 1514/1116/611 1516/1115/611 1515/1120/611
f 1515/1120/612 1516/1115/612 1513/1114/612
f 1517/1114/609 1520/1115/609 1518/1116/609
f 1517/1117/610 1518/1118/610 1519/1119/610
f 1518/1116/611 1520/1115/611 1519/1120/611
f 1519/1120/612 1520/1115/612 1517/1114/612
f 1521/1114/609 1524/1115/609 1522/1116/609
f 1521/1117/610 1522/1118/610 1523/1119/610
f 1522/1116/611 1524/1115/611 1523/1120/611
f 1523/1120/612 1524/1115/612 1521/1114/612
f 1525/1114/609 1528/1115/609 1526/1116/609
f 1525/1117/610 1526/1118/610 1527/1119/610
f 1526/1116/611 1528/1115/611 1527/1120/611
f 1527/1120/612 1528/1115/612 1525/1114/612
f 1529/1114/609 1532/1115/609 1530/1116/609
f 1529/1117/610 1530/1118/610 1531/1119/610
f 1530/1116/611 1532/1115/611 1531/1120/611
f 1531/1120/612 1532/1115/612 1529/1114/612
f 1533/1114/609 1536/1115/609 1534/1116/609
f 1533/1117/610 1534/1118/610 1535/1119/610
f 1534/1116/611 1536/1115/611 1535/1120/611
f 1535/1120/612 1536/1115/612 1533/1114/612
f 1537/1114/609 1540/1115/609 1538/1116/609
f 1537/1117/610 1538/1118/610 1539/1119/610
f 1538/1116/611 1540/1115/611 1539/1120/611
f 1539/1120/612 1540/1115/612 1537/1114/612
f 1541/1114/609 1544/1115/609 1542/1116/609
f 1541/1117/610 1542/1118/610 1543/1119/610
f 1542/1116/611 1544/1115/611 1543/1120/611
f 1543/1120/612 1544/1115/612 1541/1114/612
f 1545/1114/609 1548/1115/609 1546/1116/609
f 1545/1117/610 1546/1118/610 1547/1119/610
f 1546/1116/611 1548/1115/611 1547/1120/611
f 1547/1120/612 1548/1115/612 1545/1114/612
f 1549/1114/609 1552/1115/609 1550/1116/609
f 1549/1117/610 1550/1118/610 1551/1119/610
f 1550/1116/611 1552/1115/611 1551/1120/611
f 1551/1120/612 1552/1115/612 1549/1114/612
f 1553/1114/609 1556/1115/609 1554/1116/609
f 1553/1117/610 1554/1118/610 1555/1119/610
f 1554/1116/611 1556/1115/611 1555/1120/611
f 1555/1120/612 1556/1115/612 1553/1114/612
f 1557/1114/609 1560/1115/609 1558/1116/609
f 1557/1117/610 1558/1118/610 1559/1119/610
f 1558/1116/611 1560/1115/611 1559/1120/611
f 1559/1120/612 1560/1115/612 1557/1114/612
f 1561/1114/609 1564/1115/609 1562/1116/609
f 1561/1117/610 1562/1118/610 1563/1119/610
f 1562/1116/611 1564/1115/611 1563/1120/611
f 1563/1120/612 1564/1115/612 1561/1114/612
f 1565/1114/609 1568/1115/609 1566/1116/609
f 1565/1117/610 1566/1118/610 1567/1119/610
f 1566/1116/611 1568/1115/611 1567/1120/611
f 1567/1120/612 1568/1115/612 1565/1114/612
f 1569/1114/609 1572/1115/609 1570/1116/609
f 1569/1117/610 1570/1118/610 1571/1119/610
f 1570/1116/611 1572/1115/611 1571/1120/611
f 1571/1120/612 1572/1115/612 1569/1114/612
f 1573/1114/609 1576/1115/609 1574/1116/609
f 1573/1117/610 1574/1118/610 1575/1119/610
f 1574/1116/611 1576/1115/611 1575/1120/611
f 1575/1120/612 1576/1115/612 1573/1114/612
f 1577/1114/609 1580/1115/609 1578/1116/609
f 1577/1117/610 1578/1118/610 1579/1119/610
f 1578/1116/611 1580/1115/611 1579/1120/611
f 1579/1120/612 1580/1115/612 1577/1114/612
o Cone
v 0.943472 0.228925 -0.025553
v 1.014592 0.138959 -0.083264
v 1.015499 0.139191 0.031389
v 1.205703 0.339914 -0.027854
vn -0.1863 0.4219 -0.8873
vn -0.7821 -0.6231 0.0075
vn 0.7252 -0.6885 -0.0043
vn -0.1723 0.4255 0.8884
vt 0.250000 0.490000
vt 0.250000 0.250000
vt 0.457846 0.130000
vt 0.750000 0.490000
vt 0.957846 0.130000
vt 0.542154 0.130000
vt 0.042154 0.130000
s 0
f 1581/1121/613 1584/1122/613 1582/1123/613
f 1581/1124/614 1582/1125/614 1583/1126/614
f 1582/1123/615 1584/1122/615 1583/1127/615
f 1583/1127/616 1584/1122/616 1581/1121/616
o Cone.005
v 1.096151 0.180409 -0.025553
v 1.167270 0.090443 -0.083264
v 1.168177 0.090676 0.031389
v 1.358381 0.291398 -0.027854
vn -0.1863 0.4219 -0.8873
vn -0.7821 -0.6231 0.0075
vn 0.7252 -0.6885 -0.0043
vn -0.1723 0.4255 0.8884
vt 0.250000 0.490000
vt 0.250000 0.250000
vt 0.457846 0.130000
vt 0.750000 0.490000
vt 0.957846 0.130000
vt 0.542154 0.130000
vt 0.042154 0.130000
s 0
f 1585/1128/617 1588/1129/617 1586/1130/617
f 1585/1131/618 1586/1132/618 1587/1133/618
f 1586/1130/619 1588/1129/619 1587/1134/619
f 1587/1134/620 1588/1129/620 1585/1128/620
o Cone.006
v 1.291565 0.064920 -0.025553
v 1.405147 0.049078 -0.083264
v 1.405642 0.049874 0.031389
v 1.404318 0.326398 -0.027854
vn -0.4263 0.1760 -0.8873
vn -0.1344 -0.9909 0.0075
vn 1.0000 0.0039 -0.0043
vn -0.4186 0.1883 0.8884
vt 0.250000 0.490000
vt 0.250000 0.250000
vt 0.457846 0.130000
vt 0.750000 0.490000
vt 0.957846 0.130000
vt 0.542154 0.130000
vt 0.042154 0.130000
s 0
f 1589/1135/621 1592/1136/621 1590/1137/621
f 1589/1138/622 1590/1139/622 1591/1140/622
f 1590/1137/623 1592/1136/623 1591/1141/623
f 1591/1141/624 1592/1136/624 1589/1135/624
o Cone.007
v 1.474459 0.107049 -0.030916
v 1.587922 0.110955 -0.089567
v 1.589385 0.104026 0.024869
v 1.550073 0.273678 -0.021792
vn -0.4512 0.2516 -0.8562
vn 0.0031 -0.9982 -0.0605
vn 0.9741 0.2261 0.0012
vn -0.4289 0.1458 0.8915
vt 0.250000 0.490000
vt 0.250000 0.250000
vt 0.457846 0.130000
vt 0.750000 0.490000
vt 0.957846 0.130000
vt 0.542154 0.130000
vt 0.042154 0.130000
s 0
f 1593/1142/625 1596/1143/625 1594/1144/625
f 1593/1145/626 1594/1146/626 1595/1147/626
f 1594/1144/627 1596/1143/627 1595/1148/627
f 1595/1148/628 1596/1143/628 1593/1142/628
o Cone.008
v 1.676849 0.096874 -0.030916
v 1.788528 0.117291 -0.089567
v 1.790986 0.110648 0.024869
v 1.727344 0.272751 -0.021792
vn -0.4831 0.1831 -0.8562
vn 0.1487 -0.9870 -0.0605
vn 0.9307 0.3658 0.0012
vn -0.4456 0.0817 0.8915
vt 0.250000 0.490000
vt 0.250000 0.250000
vt 0.457846 0.130000
vt 0.750000 0.490000
vt 0.957846 0.130000
vt 0.542154 0.130000
vt 0.042154 0.130000
s 0
f 1597/1149/629 1600/1150/629 1598/1151/629
f 1597/1152/630 1598/1153/630 1599/1154/630
f 1598/1151/631 1600/1150/631 1599/1155/631
f 1599/1155/632 1600/1150/632 1597/1149/632
o Cone.009
v 1.814489 0.091131 -0.030916
v 1.896563 0.012690 -0.089567
v 1.892627 0.006801 0.024869
v 1.986527 0.153465 -0.021792
vn -0.1353 0.4986 -0.8562
vn -0.7119 -0.6997 -0.0605
vn 0.8424 -0.5389 0.0012
vn -0.1954 0.4087 0.8915
vt 0.250000 0.490000
vt 0.250000 0.250000
vt 0.457846 0.130000
vt 0.750000 0.490000
vt 0.957846 0.130000
vt 0.542154 0.130000
vt 0.042154 0.130000
s 0
f 1601/1156/633 1604/1157/633 1602/1158/633
f 1601/1159/634 1602/1160/634 1603/1161/634
f 1602/1158/635 1604/1157/635 1603/1162/635
f 1603/1162/636 1604/1157/636 1601/1156/636
o Cone.010
v 1.883129 0.049778 -0.030916
v 1.904787 -0.061667 -0.089567
v 1.898172 -0.064199 0.024869
v 2.059557 0.001242 -0.021792
vn 0.1777 0.4851 -0.8562
vn -0.9853 -0.1597 -0.0605
vn 0.3761 -0.9266 0.0012
vn 0.0767 0.4465 0.8915
vt 0.250000 0.490000
vt 0.250000 0.250000
vt 0.457846 0.130000
vt 0.750000 0.490000
vt 0.957846 0.130000
vt 0.542154 0.130000
vt 0.042154 0.130000
s 0
f 1605/1163/637 1608/1164/637 1606/1165/637
f 1605/1166/638 1606/1167/638 1607/1168/638
f 1606/1165/639 1608/1164/639 1607/1169/639
f 1607/1169/640 1608/1164/640 1605/1163/640
o Cone.015
v 1.931024 -0.009096 -0.030916
v 1.922871 -0.122332 -0.089567
v 1.915825 -0.123052 0.024869
v 2.088691 -0.101959 -0.021792
vn 0.2981 0.4220 -0.8562
vn -0.9929 0.1028 -0.0605
vn 0.1215 -0.9926 0.0012
vn 0.1905 0.4110 0.8915
vt 0.250000 0.490000
vt 0.250000 0.250000
vt 0.457846 0.130000
vt 0.750000 0.490000
vt 0.957846 0.130000
vt 0.542154 0.130000
vt 0.042154 0.130000
s 0
f 1609/1170/641 1612/1171/641 1610/1172/641
f 1609/1173/642 1610/1174/642 1611/1175/642
f 1610/1172/643 1612/1171/643 1611/1176/643
f 1611/1176/644 1612/1171/644 1609/1170/644
o Cone.016
v 1.957973 -0.079788 -0.030916
v 1.918077 -0.186077 -0.089567
v 1.911116 -0.184772 0.024869
v 2.082876 -0.213511 -0.021792
vn 0.4054 0.3203 -0.8562
vn -0.9231 0.3799 -0.0605
vn -0.1647 -0.9863 0.0012
vn 0.2991 0.3402 0.8915
vt 0.250000 0.490000
vt 0.250000 0.250000
vt 0.457846 0.130000
vt 0.750000 0.490000
vt 0.957846 0.130000
vt 0.542154 0.130000
vt 0.042154 0.130000
s 0
f 1613/1177/645 1616/1178/645 1614/1179/645
f 1613/1180/646 1614/1181/646 1615/1182/646
f 1614/1179/647 1616/1178/647 1615/1183/647
f 1615/1183/648 1616/1178/648 1613/1177/648
o Cone.017
v 1.921946 -0.152186 -0.030916
v 1.882050 -0.258475 -0.089567
v 1.875089 -0.257169 0.024869
v 2.046849 -0.285908 -0.021792
vn 0.4054 0.3203 -0.8562
vn -0.9231 0.3799 -0.0605
vn -0.1647 -0.9863 0.0012
vn 0.2991 0.3402 0.8915
vt 0.250000 0.490000
vt 0.250000 0.250000
vt 0.457846 0.130000
vt 0.750000 0.490000
vt 0.957846 0.130000
vt 0.542154 0.130000
vt 0.042154 0.130000
s 0
f 1617/1184/649 1620/1185/649 1618/1186/649
f 1617/1187/650 1618/1188/650 1619/1189/650
f 1618/1186/651 1620/1185/651 1619/1190/651
f 1619/1190/652 1620/1185/652 1617/1184/652
o Cone.021
v 1.571097 0.121680 -0.028796
v 1.684560 0.125581 -0.087378
v 1.686021 0.118660 0.026919
v 1.646927 0.218358 -0.023911
vn -0.4343 0.3819 -0.8158
vn 0.0031 -0.9982 -0.0605
vn 0.9291 0.3697 0.0105
vn -0.4128 0.2800 0.8667
vt 0.250000 0.490000
vt 0.250000 0.250000
vt 0.457846 0.130000
vt 0.750000 0.490000
vt 0.957846 0.130000
vt 0.542154 0.130000
vt 0.042154 0.130000
s 0
f 1621/1191/653 1624/1192/653 1622/1193/653
f 1621/1194/654 1622/1195/654 1623/1196/654
f 1622/1193/655 1624/1192/655 1623/1197/655
f 1623/1197/656 1624/1192/656 1621/1191/656
o Cone.022
v 1.381839 0.121680 -0.028796
v 1.495302 0.125581 -0.087378
v 1.496764 0.118660 0.026919
v 1.457669 0.218358 -0.023911
vn -0.4343 0.3819 -0.8158
vn 0.0031 -0.9982 -0.0605
vn 0.9291 0.3697 0.0105
vn -0.4128 0.2800 0.8667
vt 0.250000 0.490000
vt 0.250000 0.250000
vt 0.457846 0.130000
vt 0.750000 0.490000
vt 0.957846 0.130000
vt 0.542154 0.130000
vt 0.042154 0.130000
s 0
f 1625/1198/657 1628/1199/657 1626/1200/657
f 1625/1201/658 1626/1202/658 1627/1203/658
f 1626/1200/659 1628/1199/659 1627/1204/659
f 1627/1204/660 1628/1199/660 1625/1198/660
o Cone.023
v 1.221423 0.121680 -0.028796
v 1.334886 0.125581 -0.087378
v 1.336347 0.118660 0.026919
v 1.297253 0.218358 -0.023911
vn -0.4343 0.3819 -0.8158
vn 0.0031 -0.9982 -0.0605
vn 0.9291 0.3697 0.0105
vn -0.4128 0.2800 0.8667
vt 0.250000 0.490000
vt 0.250000 0.250000
vt 0.457846 0.130000
vt 0.750000 0.490000
vt 0.957846 0.130000
vt 0.542154 0.130000
vt 0.042154 0.130000
s 0
f 1629/1205/661 1632/1206/661 1630/1207/661
f 1629/1208/662 1630/1209/662 1631/1210/662
f 1630/1207/663 1632/1206/663 1631/1211/663
f 1631/1211/664 1632/1206/664 1629/1205/664
o Cone.024
v 1.078391 0.237239 -0.028796
v 1.176351 0.179855 -0.087378
v 1.173884 0.173226 0.026919
v 1.194170 0.278376 -0.023911
vn -0.1628 0.5550 -0.8158
vn -0.5312 -0.8451 -0.0605
vn 0.9828 -0.1845 0.0105
vn -0.1991 0.4574 0.8667
vt 0.250000 0.490000
vt 0.250000 0.250000
vt 0.457846 0.130000
vt 0.750000 0.490000
vt 0.957846 0.130000
vt 0.542154 0.130000
vt 0.042154 0.130000
s 0
f 1633/1212/665 1636/1213/665 1634/1214/665
f 1633/1215/666 1634/1216/666 1635/1217/666
f 1634/1214/667 1636/1213/667 1635/1218/667
f 1635/1218/668 1636/1213/668 1633/1212/668
o Cone.025
v 0.882833 0.184138 0.076741
v 0.846865 0.196773 0.121009
v 0.918801 0.196773 0.121009
v 0.882833 -0.098162 0.189226
v 0.943421 0.184139 0.076741
v 0.907453 0.196773 0.121009
v 0.979388 0.196773 0.121009
v 0.943421 -0.098162 0.189226
v 0.820592 0.184139 0.076741
v 0.784624 0.196773 0.121009
v 0.856560 0.196773 0.121009
v 0.820592 -0.098162 0.189226
v 0.764082 0.184139 0.076741
v 0.728115 0.196773 0.121009
v 0.800050 0.196773 0.121009
v 0.764082 -0.098162 0.189226
v 0.708097 0.184139 0.076741
v 0.672129 0.196773 0.121009
v 0.744064 0.196773 0.121009
v 0.708097 -0.098162 0.189226
v 0.654776 0.184139 0.076741
v 0.618808 0.196773 0.121009
v 0.690744 0.196773 0.121009
v 0.654776 -0.098162 0.189226
v 0.593892 0.184139 0.076741
v 0.557924 0.196773 0.121009
v 0.629860 0.196773 0.121009
v 0.593892 -0.098162 0.189226
v 0.532646 0.184139 0.076741
v 0.496678 0.196773 0.121009
v 0.568614 0.196773 0.121009
v 0.532646 -0.098162 0.189226
v 0.486699 0.184139 0.076741
v 0.450731 0.196773 0.121009
v 0.522667 0.196773 0.121009
v 0.486699 -0.098162 0.189226
v -0.175166 0.184139 0.076741
v -0.211134 0.196773 0.121009
v -0.139199 0.196773 0.121009
v -0.175166 -0.098162 0.189226
v -0.113395 0.184139 0.076741
v -0.149362 0.196773 0.121009
v -0.077427 0.196773 0.121009
v -0.113395 -0.098162 0.189226
v -0.056642 0.184139 0.076741
v -0.092610 0.196773 0.121009
v -0.020674 0.196773 0.121009
v -0.056642 -0.098162 0.189226
v 0.006935 0.184139 0.076741
v -0.029032 0.196773 0.121009
v 0.042903 0.196773 0.121009
v 0.006935 -0.098162 0.189226
v 0.066958 0.184139 0.076741
v 0.030990 0.196773 0.121009
v 0.102926 0.196773 0.121009
v 0.066958 -0.098162 0.189226
v 0.125428 0.184139 0.076741
v 0.089460 0.196773 0.121009
v 0.161396 0.196773 0.121009
v 0.125428 -0.098162 0.189226
v 0.178923 0.184139 0.076741
v 0.142955 0.196773 0.121009
v 0.214890 0.196773 0.121009
v 0.178923 -0.098162 0.189226
v 0.240179 0.184139 0.076741
v 0.204211 0.196773 0.121009
v 0.276147 0.196773 0.121009
v 0.240179 -0.098162 0.189226
v 0.289015 0.184139 0.076741
v 0.253047 0.196773 0.121009
v 0.324983 0.196773 0.121009
v 0.289015 -0.098162 0.189226
v 0.340277 0.184139 0.076741
v 0.304309 0.196773 0.121009
v 0.376244 0.196773 0.121009
v 0.340277 -0.098162 0.189226
v 0.388642 0.184139 0.076741
v 0.352675 0.196773 0.121009
v 0.424610 0.196773 0.121009
v 0.388642 -0.098162 0.189226
v 0.437129 0.184139 0.076741
v 0.401161 0.196773 0.121009
v 0.473097 0.196773 0.121009
v 0.437129 -0.098162 0.189226
v -0.175166 0.269639 0.076083
v -0.211134 0.288506 0.118075
v -0.139199 0.288506 0.118075
v -0.175166 0.006442 0.227982
v 0.437129 0.269639 0.076083
v 0.401161 0.288506 0.118075
v 0.473097 0.288506 0.118075
v 0.437129 0.006442 0.227982
v 0.388643 0.269639 0.076083
v 0.352675 0.288506 0.118075
v 0.424610 0.288506 0.118075
v 0.388643 0.006442 0.227982
v 0.340277 0.269639 0.076083
v 0.304309 0.288506 0.118075
v 0.376245 0.288506 0.118075
v 0.340277 0.006442 0.227982
v 0.289015 0.269639 0.076083
v 0.253047 0.288506 0.118075
v 0.324983 0.288506 0.118075
v 0.289015 0.006442 0.227982
v 0.240179 0.269639 0.076083
v 0.204211 0.288506 0.118075
v 0.276147 0.288506 0.118075
v 0.240179 0.006442 0.227982
v 0.178923 0.269639 0.076083
v 0.142955 0.288506 0.118075
v 0.214890 0.288506 0.118075
v 0.178923 0.006442 0.227982
v 0.125428 0.269639 0.076083
v 0.089460 0.288506 0.118075
v 0.161396 0.288506 0.118075
v 0.125428 0.006442 0.227982
v 0.066958 0.269639 0.076083
v 0.030990 0.288506 0.118075
v 0.102926 0.288506 0.118075
v 0.066958 0.006442 0.227982
v 0.006935 0.269639 0.076083
v -0.029032 0.288506 0.118075
v 0.042903 0.288506 0.118075
v 0.006935 0.006442 0.227982
v -0.056642 0.269639 0.076083
v -0.092610 0.288506 0.118075
v -0.020674 0.288506 0.118075
v -0.056642 0.006442 0.227982
v -0.113395 0.269639 0.076083
v -0.149362 0.288506 0.118075
v -0.077427 0.288506 0.118075
v -0.113395 0.006442 0.227982
v 0.486699 0.269639 0.076083
v 0.450731 0.288506 0.118075
v 0.522667 0.288506 0.118075
v 0.486699 0.006442 0.227982
v 0.532646 0.269639 0.076083
v 0.496678 0.288506 0.118075
v 0.568614 0.288506 0.118075
v 0.532646 0.006442 0.227982
v 0.593892 0.269639 0.076083
v 0.557924 0.288506 0.118075
v 0.629860 0.288506 0.118075
v 0.593892 0.006442 0.227982
v 0.654776 0.269639 0.076083
v 0.618808 0.288506 0.118075
v 0.690744 0.288506 0.118075
v 0.654776 0.006442 0.227982
v 0.708097 0.269639 0.076083
v 0.672129 0.288506 0.118075
v 0.744065 0.288506 0.118075
v 0.708097 0.006442 0.227982
v 0.764082 0.269639 0.076083
v 0.728115 0.288506 0.118075
v 0.800050 0.288506 0.118075
v 0.764082 0.006442 0.227982
v 0.820592 0.269639 0.076083
v 0.784624 0.288506 0.118075
v 0.856560 0.288506 0.118075
v 0.820592 0.006442 0.227982
v 0.882833 0.269639 0.076083
v 0.846865 0.288506 0.118075
v 0.918801 0.288506 0.118075
v 0.882833 0.006442 0.227982
v 0.943421 0.269639 0.076083
v 0.907453 0.288506 0.118075
v 0.979388 0.288506 0.118075
v 0.943421 0.006442 0.227982
vn -0.7865 -0.2286 -0.5738
vn -0.0000 0.9616 -0.2744
vn -0.0000 0.2253 0.9743
vn 0.7865 -0.2286 -0.5738
vn -0.7865 -0.3087 -0.5349
vn -0.0000 0.9122 -0.4098
vn -0.0000 0.3631 0.9318
vn 0.7865 -0.3087 -0.5349
vt 0.250000 0.490000
vt 0.250000 0.250000
vt 0.457846 0.130000
vt 0.750000 0.490000
vt 0.957846 0.130000
vt 0.542154 0.130000
vt 0.042154 0.130000
s 0
f 1637/1219/669 1640/1220/669 1638/1221/669
f 1637/1222/670 1638/1223/670 1639/1224/670
f 1638/1221/671 1640/1220/671 1639/1225/671
f 1639/1225/672 1640/1220/672 1637/1219/672
f 1641/1219/669 1644/1220/669 1642/1221/669
f 1641/1222/670 1642/1223/670 1643/1224/670
f 1642/1221/671 1644/1220/671 1643/1225/671
f 1643/1225/672 1644/1220/672 1641/1219/672
f 1645/1219/669 1648/1220/669 1646/1221/669
f 1645/1222/670 1646/1223/670 1647/1224/670
f 1646/1221/671 1648/1220/671 1647/1225/671
f 1647/1225/672 1648/1220/672 1645/1219/672
f 1649/1219/669 1652/1220/669 1650/1221/669
f 1649/1222/670 1650/1223/670 1651/1224/670
f 1650/1221/671 1652/1220/671 1651/1225/671
f 1651/1225/672 1652/1220/672 1649/1219/672
f 1653/1219/669 1656/1220/669 1654/1221/669
f 1653/1222/670 1654/1223/670 1655/1224/670
f 1654/1221/671 1656/1220/671 1655/1225/671
f 1655/1225/672 1656/1220/672 1653/1219/672
f 1657/1219/669 1660/1220/669 1658/1221/669
f 1657/1222/670 1658/1223/670 1659/1224/670
f 1658/1221/671 1660/1220/671 1659/1225/671
f 1659/1225/672 1660/1220/672 1657/1219/672
f 1661/1219/669 1664/1220/669 1662/1221/669
f 1661/1222/670 1662/1223/670 1663/1224/670
f 1662/1221/671 1664/1220/671 1663/1225/671
f 1663/1225/672 1664/1220/672 1661/1219/672
f 1665/1219/669 1668/1220/669 1666/1221/669
f 1665/1222/670 1666/1223/670 1667/1224/670
f 1666/1221/671 1668/1220/671 1667/1225/671
f 1667/1225/672 1668/1220/672 1665/1219/672
f 1669/1219/669 1672/1220/669 1670/1221/669
f 1669/1222/670 1670/1223/670 1671/1224/670
f 1670/1221/671 1672/1220/671 1671/1225/671
f 1671/1225/672 1672/1220/672 1669/1219/672
f 1673/1219/669 1676/1220/669 1674/1221/669
f 1673/1222/670 1674/1223/670 1675/1224/670
f 1674/1221/671 1676/1220/671 1675/1225/671
f 1675/1225/672 1676/1220/672 1673/1219/672
f 1677/1219/669 1680/1220/669 1678/1221/669
f 1677/1222/670 1678/1223/670 1679/1224/670
f 1678/1221/671 1680/1220/671 1679/1225/671
f 1679/1225/672 1680/1220/672 1677/1219/672
f 1681/1219/669 1684/1220/669 1682/1221/669
f 1681/1222/670 1682/1223/670 1683/1224/670
f 1682/1221/671 1684/1220/671 1683/1225/671
f 1683/1225/672 1684/1220/672 1681/1219/672
f 1685/1219/669 1688/1220/669 1686/1221/669
f 1685/1222/670 1686/1223/670 1687/1224/670
f 1686/1221/671 1688/1220/671 1687/1225/671
f 1687/1225/672 1688/1220/672 1685/1219/672
f 1689/1219/669 1692/1220/669 1690/1221/669
f 1689/1222/670 1690/1223/670 1691/1224/670
f 1690/1221/671 1692/1220/671 1691/1225/671
f 1691/1225/672 1692/1220/672 1689/1219/672
f 1693/1219/669 1696/1220/669 1694/1221/669
f 1693/1222/670 1694/1223/670 1695/1224/670
f 1694/1221/671 1696/1220/671 1695/1225/671
f 1695/1225/672 1696/1220/672 1693/1219/672
f 1697/1219/669 1700/1220/669 1698/1221/669
f 1697/1222/670 1698/1223/670 1699/1224/670
f 1698/1221/671 1700/1220/671 1699/1225/671
f 1699/1225/672 1700/1220/672 1697/1219/672
f 1701/1219/669 1704/1220/669 1702/1221/669
f 1701/1222/670 1702/1223/670 1703/1224/670
f 1702/1221/671 1704/1220/671 1703/1225/671
f 1703/1225/672 1704/1220/672 1701/1219/672
f 1705/1219/669 1708/1220/669 1706/1221/669
f 1705/1222/670 1706/1223/670 1707/1224/670
f 1706/1221/671 1708/1220/671 1707/1225/671
f 1707/1225/672 1708/1220/672 1705/1219/672
f 1709/1219/669 1712/1220/669 1710/1221/669
f 1709/1222/670 1710/1223/670 1711/1224/670
f 1710/1221/671 1712/1220/671 1711/1225/671
f 1711/1225/672 1712/1220/672 1709/1219/672
f 1713/1219/669 1716/1220/669 1714/1221/669
f 1713/1222/670 1714/1223/670 1715/1224/670
f 1714/1221/671 1716/1220/671 1715/1225/671
f 1715/1225/672 1716/1220/672 1713/1219/672
f 1717/1219/669 1720/1220/669 1718/1221/669
f 1717/1222/670 1718/1223/670 1719/1224/670
f 1718/1221/671 1720/1220/671 1719/1225/671
f 1719/1225/672 1720/1220/672 1717/1219/672
f 1721/1219/673 1724/1220/673 1722/1221/673
f 1721/1222/674 1722/1223/674 1723/1224/674
f 1722/1221/675 1724/1220/675 1723/1225/675
f 1723/1225/676 1724/1220/676 1721/1219/676
f 1725/1219/673 1728/1220/673 1726/1221/673
f 1725/1222/674 1726/1223/674 1727/1224/674
f 1726/1221/675 1728/1220/675 1727/1225/675
f 1727/1225/676 1728/1220/676 1725/1219/676
f 1729/1219/673 1732/1220/673 1730/1221/673
f 1729/1222/674 1730/1223/674 1731/1224/674
f 1730/1221/675 1732/1220/675 1731/1225/675
f 1731/1225/676 1732/1220/676 1729/1219/676
f 1733/1219/673 1736/1220/673 1734/1221/673
f 1733/1222/674 1734/1223/674 1735/1224/674
f 1734/1221/675 1736/1220/675 1735/1225/675
f 1735/1225/676 1736/1220/676 1733/1219/676
f 1737/1219/673 1740/1220/673 1738/1221/673
f 1737/1222/674 1738/1223/674 1739/1224/674
f 1738/1221/675 1740/1220/675 1739/1225/675
f 1739/1225/676 1740/1220/676 1737/1219/676
f 1741/1219/673 1744/1220/673 1742/1221/673
f 1741/1222/674 1742/1223/674 1743/1224/674
f 1742/1221/675 1744/1220/675 1743/1225/675
f 1743/1225/676 1744/1220/676 1741/1219/676
f 1745/1219/673 1748/1220/673 1746/1221/673
f 1745/1222/674 1746/1223/674 1747/1224/674
f 1746/1221/675 1748/1220/675 1747/1225/675
f 1747/1225/676 1748/1220/676 1745/1219/676
f 1749/1219/673 1752/1220/673 1750/1221/673
f 1749/1222/674 1750/1223/674 1751/1224/674
f 1750/1221/675 1752/1220/675 1751/1225/675
f 1751/1225/676 1752/1220/676 1749/1219/676
f 1753/1219/673 1756/1220/673 1754/1221/673
f 1753/1222/674 1754/1223/674 1755/1224/674
f 1754/1221/675 1756/1220/675 1755/1225/675
f 1755/1225/676 1756/1220/676 1753/1219/676
f 1757/1219/673 1760/1220/673 1758/1221/673
f 1757/1222/674 1758/1223/674 1759/1224/674
f 1758/1221/675 1760/1220/675 1759/1225/675
f 1759/1225/676 1760/1220/676 1757/1219/676
f 1761/1219/673 1764/1220/673 1762/1221/673
f 1761/1222/674 1762/1223/674 1763/1224/674
f 1762/1221/675 1764/1220/675 1763/1225/675
f 1763/1225/676 1764/1220/676 1761/1219/676
f 1765/1219/673 1768/1220/673 1766/1221/673
f 1765/1222/674 1766/1223/674 1767/1224/674
f 1766/1221/675 1768/1220/675 1767/1225/675
f 1767/1225/676 1768/1220/676 1765/1219/676
f 1769/1219/673 1772/1220/673 1770/1221/673
f 1769/1222/674 1770/1223/674 1771/1224/674
f 1770/1221/675 1772/1220/675 1771/1225/675
f 1771/1225/676 1772/1220/676 1769/1219/676
f 1773/1219/673 1776/1220/673 1774/1221/673
f 1773/1222/674 1774/1223/674 1775/1224/674
f 1774/1221/675 1776/1220/675 1775/1225/675
f 1775/1225/676 1776/1220/676 1773/1219/676
f 1777/1219/673 1780/1220/673 1778/1221/673
f 1777/1222/674 1778/1223/674 1779/1224/674
f 1778/1221/675 1780/1220/675 1779/1225/675
f 1779/1225/676 1780/1220/676 1777/1219/676
f 1781/1219/673 1784/1220/673 1782/1221/673
f 1781/1222/674 1782/1223/674 1783/1224/674
f 1782/1221/675 1784/1220/675 1783/1225/675
f 1783/1225/676 1784/1220/676 1781/1219/676
f 1785/1219/673 1788/1220/673 1786/1221/673
f 1785/1222/674 1786/1223/674 1787/1224/674
f 1786/1221/675 1788/1220/675 1787/1225/675
f 1787/1225/676 1788/1220/676 1785/1219/676
f 1789/1219/673 1792/1220/673 1790/1221/673
f 1789/1222/674 1790/1223/674 1791/1224/674
f 1790/1221/675 1792/1220/675 1791/1225/675
f 1791/1225/676 1792/1220/676 1789/1219/676
f 1793/1219/673 1796/1220/673 1794/1221/673
f 1793/1222/674 1794/1223/674 1795/1224/674
f 1794/1221/675 1796/1220/675 1795/1225/675
f 1795/1225/676 1796/1220/676 1793/1219/676
f 1797/1219/673 1800/1220/673 1798/1221/673
f 1797/1222/674 1798/1223/674 1799/1224/674
f 1798/1221/675 1800/1220/675 1799/1225/675
f 1799/1225/676 1800/1220/676 1797/1219/676
f 1801/1219/673 1804/1220/673 1802/1221/673
f 1801/1222/674 1802/1223/674 1803/1224/674
f 1802/1221/675 1804/1220/675 1803/1225/675
f 1803/1225/676 1804/1220/676 1801/1219/676
o Cone.027
v -0.076525 0.184138 -0.074434
v -0.040557 0.196773 -0.118702
v -0.112493 0.196773 -0.118702
v -0.076525 -0.098162 -0.186919
v -0.137113 0.184139 -0.074434
v -0.101145 0.196773 -0.118702
v -0.173081 0.196773 -0.118702
v -0.137113 -0.098162 -0.186919
v -0.014284 0.184139 -0.074434
v 0.021684 0.196773 -0.118702
v -0.050252 0.196773 -0.118702
v -0.014284 -0.098162 -0.186919
v 0.042225 0.184139 -0.074434
v 0.078193 0.196773 -0.118702
v 0.006258 0.196773 -0.118702
v 0.042225 -0.098162 -0.186919
v 0.098211 0.184139 -0.074434
v 0.134179 0.196773 -0.118702
v 0.062243 0.196773 -0.118702
v 0.098211 -0.098162 -0.186919
v 0.151532 0.184139 -0.074434
v 0.187500 0.196773 -0.118702
v 0.115564 0.196773 -0.118702
v 0.151532 -0.098162 -0.186919
v 0.212416 0.184139 -0.074434
v 0.248384 0.196773 -0.118702
v 0.176448 0.196773 -0.118702
v 0.212416 -0.098162 -0.186919
v 0.273662 0.184139 -0.074434
v 0.309630 0.196773 -0.118702
v 0.237694 0.196773 -0.118702
v 0.273662 -0.098162 -0.186919
v 0.319609 0.184139 -0.074434
v 0.355576 0.196773 -0.118702
v 0.283641 0.196773 -0.118702
v 0.319609 -0.098162 -0.186919
v 0.981474 0.184139 -0.074434
v 1.017442 0.196773 -0.118702
v 0.945506 0.196773 -0.118702
v 0.981474 -0.098162 -0.186919
v 0.919702 0.184139 -0.074434
v 0.955670 0.196773 -0.118702
v 0.883735 0.196773 -0.118702
v 0.919702 -0.098162 -0.186919
v 0.862950 0.184139 -0.074434
v 0.898917 0.196773 -0.118702
v 0.826982 0.196773 -0.118702
v 0.862950 -0.098162 -0.186919
v 0.799372 0.184139 -0.074434
v 0.835340 0.196773 -0.118702
v 0.763405 0.196773 -0.118702
v 0.799372 -0.098162 -0.186919
v 0.739350 0.184139 -0.074434
v 0.775318 0.196773 -0.118702
v 0.703382 0.196773 -0.118702
v 0.739350 -0.098162 -0.186919
v 0.680880 0.184139 -0.074434
v 0.716847 0.196773 -0.118702
v 0.644912 0.196773 -0.118702
v 0.680880 -0.098162 -0.186919
v 0.627385 0.184139 -0.074434
v 0.663353 0.196773 -0.118702
v 0.591417 0.196773 -0.118702
v 0.627385 -0.098162 -0.186919
v 0.566129 0.184139 -0.074434
v 0.602096 0.196773 -0.118702
v 0.530161 0.196773 -0.118702
v 0.566129 -0.098162 -0.186919
v 0.517293 0.184139 -0.074434
v 0.553261 0.196773 -0.118702
v 0.481325 0.196773 -0.118702
v 0.517293 -0.098162 -0.186919
v 0.466031 0.184139 -0.074434
v 0.501999 0.196773 -0.118702
v 0.430063 0.196773 -0.118702
v 0.466031 -0.098162 -0.186919
v 0.417665 0.184139 -0.074434
v 0.453633 0.196773 -0.118702
v 0.381698 0.196773 -0.118702
v 0.417665 -0.098162 -0.186919
v 0.369179 0.184139 -0.074434
v 0.405147 0.196773 -0.118702
v 0.333211 0.196773 -0.118702
v 0.369179 -0.098162 -0.186919
v 0.981474 0.269639 -0.073776
v 1.017442 0.288506 -0.115768
v 0.945506 0.288506 -0.115768
v 0.981474 0.006442 -0.225675
v 0.369179 0.269639 -0.073776
v 0.405147 0.288506 -0.115768
v 0.333211 0.288506 -0.115768
v 0.369179 0.006442 -0.225675
v 0.417665 0.269639 -0.073776
v 0.453633 0.288506 -0.115768
v 0.381698 0.288506 -0.115768
v 0.417665 0.006442 -0.225675
v 0.466031 0.269639 -0.073776
v 0.501999 0.288506 -0.115768
v 0.430063 0.288506 -0.115768
v 0.466031 0.006442 -0.225675
v 0.517293 0.269639 -0.073776
v 0.553261 0.288506 -0.115768
v 0.481325 0.288506 -0.115768
v 0.517293 0.006442 -0.225675
v 0.566129 0.269639 -0.073776
v 0.602096 0.288506 -0.115768
v 0.530161 0.288506 -0.115768
v 0.566129 0.006442 -0.225675
v 0.627385 0.269639 -0.073776
v 0.663353 0.288506 -0.115768
v 0.591417 0.288506 -0.115768
v 0.627385 0.006442 -0.225675
v 0.680880 0.269639 -0.073776
v 0.716847 0.288506 -0.115768
v 0.644912 0.288506 -0.115768
v 0.680880 0.006442 -0.225675
v 0.739350 0.269639 -0.073776
v 0.775318 0.288506 -0.115768
v 0.703382 0.288506 -0.115768
v 0.739350 0.006442 -0.225675
v 0.799372 0.269639 -0.073776
v 0.835340 0.288506 -0.115768
v 0.763405 0.288506 -0.115768
v 0.799372 0.006442 -0.225675
v 0.862950 0.269639 -0.073776
v 0.898917 0.288506 -0.115768
v 0.826982 0.288506 -0.115768
v 0.862950 0.006442 -0.225675
v 0.919702 0.269639 -0.073776
v 0.955670 0.288506 -0.115768
v 0.883735 0.288506 -0.115768
v 0.919702 0.006442 -0.225675
v 0.319609 0.269639 -0.073776
v 0.355576 0.288506 -0.115768
v 0.283641 0.288506 -0.115768
v 0.319609 0.006442 -0.225675
v 0.273662 0.269639 -0.073776
v 0.309630 0.288506 -0.115768
v 0.237694 0.288506 -0.115768
v 0.273662 0.006442 -0.225675
v 0.212416 0.269639 -0.073776
v 0.248384 0.288506 -0.115768
v 0.176448 0.288506 -0.115768
v 0.212416 0.006442 -0.225675
v 0.151532 0.269639 -0.073776
v 0.187499 0.288506 -0.115768
v 0.115564 0.288506 -0.115768
v 0.151532 0.006442 -0.225675
v 0.098211 0.269639 -0.073776
v 0.134179 0.288506 -0.115768
v 0.062243 0.288506 -0.115768
v 0.098211 0.006442 -0.225675
v 0.042225 0.269639 -0.073776
v 0.078193 0.288506 -0.115768
v 0.006258 0.288506 -0.115768
v 0.042225 0.006442 -0.225675
v -0.014284 0.269639 -0.073776
v 0.021684 0.288506 -0.115768
v -0.050252 0.288506 -0.115768
v -0.014284 0.006442 -0.225675
v -0.076525 0.269639 -0.073776
v -0.040557 0.288506 -0.115768
v -0.112493 0.288506 -0.115768
v -0.076525 0.006442 -0.225675
v -0.137113 0.269639 -0.073776
v -0.101145 0.288506 -0.115768
v -0.173081 0.288506 -0.115768
v -0.137113 0.006442 -0.225675
vn 0.7865 -0.2286 0.5738
vn -0.0000 0.9616 0.2744
vn -0.0000 0.2253 -0.9743
vn -0.7865 -0.2286 0.5738
vn 0.7865 -0.3087 0.5349
vn -0.0000 0.9122 0.4098
vn -0.0000 0.3631 -0.9318
vn -0.7865 -0.3087 0.5349
vt 0.250000 0.490000
vt 0.250000 0.250000
vt 0.457846 0.130000
vt 0.750000 0.490000
vt 0.957846 0.130000
vt 0.542154 0.130000
vt 0.042154 0.130000
s 0
f 1805/1226/677 1808/1227/677 1806/1228/677
f 1805/1229/678 1806/1230/678 1807/1231/678
f 1806/1228/679 1808/1227/679 1807/1232/679
f 1807/1232/680 1808/1227/680 1805/1226/680
f 1809/1226/677 1812/1227/677 1810/1228/677
f 1809/1229/678 1810/1230/678 1811/1231/678
f 1810/1228/679 1812/1227/679 1811/1232/679
f 1811/1232/680 1812/1227/680 1809/1226/680
f 1813/1226/677 1816/1227/677 1814/1228/677
f 1813/1229/678 1814/1230/678 1815/1231/678
f 1814/1228/679 1816/1227/679 1815/1232/679
f 1815/1232/680 1816/1227/680 1813/1226/680
f 1817/1226/677 1820/1227/677 1818/1228/677
f 1817/1229/678 1818/1230/678 1819/1231/678
f 1818/1228/679 1820/1227/679 1819/1232/679
f 1819/1232/680 1820/1227/680 1817/1226/680
f 1821/1226/677 1824/1227/677 1822/1228/677
f 1821/1229/678 1822/1230/678 1823/1231/678
f 1822/1228/679 1824/1227/679 1823/1232/679
f 1823/1232/680 1824/1227/680 1821/1226/680
f 1825/1226/677 1828/1227/677 1826/1228/677
f 1825/1229/678 1826/1230/678 1827/1231/678
f 1826/1228/679 1828/1227/679 1827/1232/679
f 1827/1232/680 1828/1227/680 1825/1226/680
f 1829/1226/677 1832/1227/677 1830/1228/677
f 1829/1229/678 1830/1230/678 1831/1231/678
f 1830/1228/679 1832/1227/679 1831/1232/679
f 1831/1232/680 1832/1227/680 1829/1226/680
f 1833/1226/677 1836/1227/677 1834/1228/677
f 1833/1229/678 1834/1230/678 1835/1231/678
f 1834/1228/679 1836/1227/679 1835/1232/679
f 1835/1232/680 1836/1227/680 1833/1226/680
f 1837/1226/677 1840/1227/677 1838/1228/677
f 1837/1229/678 1838/1230/678 1839/1231/678
f 1838/1228/679 1840/1227/679 1839/1232/679
f 1839/1232/680 1840/1227/680 1837/1226/680
f 1841/1226/677 1844/1227/677 1842/1228/677
f 1841/1229/678 1842/1230/678 1843/1231/678
f 1842/1228/679 1844/1227/679 1843/1232/679
f 1843/1232/680 1844/1227/680 1841/1226/680
f 1845/1226/677 1848/1227/677 1846/1228/677
f 1845/1229/678 1846/1230/678 1847/1231/678
f 1846/1228/679 1848/1227/679 1847/1232/679
f 1847/1232/680 1848/1227/680 1845/1226/680
f 1849/1226/677 1852/1227/677 1850/1228/677
f 1849/1229/678 1850/1230/678 1851/1231/678
f 1850/1228/679 1852/1227/679 1851/1232/679
f 1851/1232/680 1852/1227/680 1849/1226/680
f 1853/1226/677 1856/1227/677 1854/1228/677
f 1853/1229/678 1854/1230/678 1855/1231/678
f 1854/1228/679 1856/1227/679 1855/1232/679
f 1855/1232/680 1856/1227/680 1853/1226/680
f 1857/1226/677 1860/1227/677 1858/1228/677
f 1857/1229/678 1858/1230/678 1859/1231/678
f 1858/1228/679 1860/1227/679 1859/1232/679
f 1859/1232/680 1860/1227/680 1857/1226/680
f 1861/1226/677 1864/1227/677 1862/1228/677
f 1861/1229/678 1862/1230/678 1863/1231/678
f 1862/1228/679 1864/1227/679 1863/1232/679
f 1863/1232/680 1864/1227/680 1861/1226/680
f 1865/1226/677 1868/1227/677 1866/1228/677
f 1865/1229/678 1866/1230/678 1867/1231/678
f 1866/1228/679 1868/1227/679 1867/1232/679
f 1867/1232/680 1868/1227/680 1865/1226/680
f 1869/1226/677 1872/1227/677 1870/1228/677
f 1869/1229/678 1870/1230/678 1871/1231/678
f 1870/1228/679 1872/1227/679 1871/1232/679
f 1871/1232/680 1872/1227/680 1869/1226/680
f 1873/1226/677 1876/1227/677 1874/1228/677
f 1873/1229/678 1874/1230/678 1875/1231/678
f 1874/1228/679 1876/1227/679 1875/1232/679
f 1875/1232/680 1876/1227/680 1873/1226/680
f 1877/1226/677 1880/1227/677 1878/1228/677
f 1877/1229/678 1878/1230/678 1879/1231/678
f 1878/1228/679 1880/1227/679 1879/1232/679
f 1879/1232/680 1880/1227/680 1877/1226/680
f 1881/1226/677 1884/1227/677 1882/1228/677
f 1881/1229/678 1882/1230/678 1883/1231/678
f 1882/1228/679 1884/1227/679 1883/1232/679
f 1883/1232/680 1884/1227/680 1881/1226/680
f 1885/1226/677 1888/1227/677 1886/1228/677
f 1885/1229/678 1886/1230/678 1887/1231/678
f 1886/1228/679 1888/1227/679 1887/1232/679
f 1887/1232/680 1888/1227/680 1885/1226/680
f 1889/1226/681 1892/1227/681 1890/1228/681
f 1889/1229/682 1890/1230/682 1891/1231/682
f 1890/1228/683 1892/1227/683 1891/1232/683
f 1891/1232/684 1892/1227/684 1889/1226/684
f 1893/1226/681 1896/1227/681 1894/1228/681
f 1893/1229/682 1894/1230/682 1895/1231/682
f 1894/1228/683 1896/1227/683 1895/1232/683
f 1895/1232/684 1896/1227/684 1893/1226/684
f 1897/1226/681 1900/1227/681 1898/1228/681
f 1897/1229/682 1898/1230/682 1899/1231/682
f 1898/1228/683 1900/1227/683 1899/1232/683
f 1899/1232/684 1900/1227/684 1897/1226/684
f 1901/1226/681 1904/1227/681 1902/1228/681
f 1901/1229/682 1902/1230/682 1903/1231/682
f 1902/1228/683 1904/1227/683 1903/1232/683
f 1903/1232/684 1904/1227/684 1901/1226/684
f 1905/1226/681 1908/1227/681 1906/1228/681
f 1905/1229/682 1906/1230/682 1907/1231/682
f 1906/1228/683 1908/1227/683 1907/1232/683
f 1907/1232/684 1908/1227/684 1905/1226/684
f 1909/1226/681 1912/1227/681 1910/1228/681
f 1909/1229/682 1910/1230/682 1911/1231/682
f 1910/1228/683 1912/1227/683 1911/1232/683
f 1911/1232/684 1912/1227/684 1909/1226/684
f 1913/1226/681 1916/1227/681 1914/1228/681
f 1913/1229/682 1914/1230/682 1915/1231/682
f 1914/1228/683 1916/1227/683 1915/1232/683
f 1915/1232/684 1916/1227/684 1913/1226/684
f 1917/1226/681 1920/1227/681 1918/1228/681
f 1917/1229/682 1918/1230/682 1919/1231/682
f 1918/1228/683 1920/1227/683 1919/1232/683
f 1919/1232/684 1920/1227/684 1917/1226/684
f 1921/1226/681 1924/1227/681 1922/1228/681
f 1921/1229/682 1922/1230/682 1923/1231/682
f 1922/1228/683 1924/1227/683 1923/1232/683
f 1923/1232/684 1924/1227/684 1921/1226/684
f 1925/1226/681 1928/1227/681 1926/1228/681
f 1925/1229/682 1926/1230/682 1927/1231/682
f 1926/1228/683 1928/1227/683 1927/1232/683
f 1927/1232/684 1928/1227/684 1925/1226/684
f 1929/1226/681 1932/1227/681 1930/1228/681
f 1929/1229/682 1930/1230/682 1931/1231/682
f 1930/1228/683 1932/1227/683 1931/1232/683
f 1931/1232/684 1932/1227/684 1929/1226/684
f 1933/1226/681 1936/1227/681 1934/1228/681
f 1933/1229/682 1934/1230/682 1935/1231/682
f 1934/1228/683 1936/1227/683 1935/1232/683
f 1935/1232/684 1936/1227/684 1933/1226/684
f 1937/1226/681 1940/1227/681 1938/1228/681
f 1937/1229/682 1938/1230/682 1939/1231/682
f 1938/1228/683 1940/1227/683 1939/1232/683
f 1939/1232/684 1940/1227/684 1937/1226/684
f 1941/1226/681 1944/1227/681 1942/1228/681
f 1941/1229/682 1942/1230/682 1943/1231/682
f 1942/1228/683 1944/1227/683 1943/1232/683
f 1943/1232/684 1944/1227/684 1941/1226/684
f 1945/1226/681 1948/1227/681 1946/1228/681
f 1945/1229/682 1946/1230/682 1947/1231/682
f 1946/1228/683 1948/1227/683 1947/1232/683
f 1947/1232/684 1948/1227/684 1945/1226/684
f 1949/1226/681 1952/1227/681 1950/1228/681
f 1949/1229/682 1950/1230/682 1951/1231/682
f 1950/1228/683 1952/1227/683 1951/1232/683
f 1951/1232/684 1952/1227/684 1949/1226/684
f 1953/1226/681 1956/1227/681 1954/1228/681
f 1953/1229/682 1954/1230/682 1955/1231/682
f 1954/1228/683 1956/1227/683 1955/1232/683
f 1955/1232/684 1956/1227/684 1953/1226/684
f 1957/1226/681 1960/1227/681 1958/1228/681
f 1957/1229/682 1958/1230/682 1959/1231/682
f 1958/1228/683 1960/1227/683 1959/1232/683
f 1959/1232/684 1960/1227/684 1957/1226/684
f 1961/1226/681 1964/1227/681 1962/1228/681
f 1961/1229/682 1962/1230/682 1963/1231/682
f 1962/1228/683 1964/1227/683 1963/1232/683
f 1963/1232/684 1964/1227/684 1961/1226/684
f 1965/1226/681 1968/1227/681 1966/1228/681
f 1965/1229/682 1966/1230/682 1967/1231/682
f 1966/1228/683 1968/1227/683 1967/1232/683
f 1967/1232/684 1968/1227/684 1965/1226/684
f 1969/1226/681 1972/1227/681 1970/1228/681
f 1969/1229/682 1970/1230/682 1971/1231/682
f 1970/1228/683 1972/1227/683 1971/1232/683
f 1971/1232/684 1972/1227/684 1969/1226/684
